"name","year","type","competition","qual","VT1_d","VT1_e","VT1_tot","VT2_d","VT2_e","VT2_tot","VT_tot","UE_d","UE_e","UE_tot","BB_d","BB_e","BB_tot","FX_d","FX_e","FX_tot"
"BILES Simone","18","INT","team",FALSE,"6.000","9.500","15.500",NA,NA,NA,NA,"6.200","8.666","14.866","6.000","7.733","13.733","6.600","8.466","14.766"
"EAKER Kara","18","INT","team",FALSE,NA,NA,NA,NA,NA,NA,NA,NA,NA,NA,"6.300","8.033","14.333",NA,NA,NA
"HURD Morgan","18","INT","team",FALSE,"5.400","9.233","14.633",NA,NA,NA,NA,"6.100","8.333","14.433",NA,NA,NA,"5.400","7.666","12.966"
"MCCALLUM Grace","18","INT","team",FALSE,"5.400","9.133","14.533",NA,NA,NA,NA,NA,NA,NA,NA,NA,NA,"5.500","8.133","13.633"
"MCCUSKER Riley","18","INT","team",FALSE,NA,NA,NA,NA,NA,NA,NA,"5.900","8.600","14.500","5.300","8.433","13.733",NA,NA,NA
"BILES Simone","18","INT","team",TRUE,"6.400","9.566","15.966",NA,NA,NA,NA,"6.200","8.666","14.866","6.400","8.400","14.800","6.700","8.633","15.333"
"EAKER Kara","18","INT","team",TRUE,NA,NA,NA,NA,NA,NA,NA,NA,NA,NA,"6.400","8.066","14.466",NA,NA,NA
"HURD Morgan","18","INT","team",TRUE,"5.400","9.200","14.600",NA,NA,NA,NA,"6.100","8.366","14.466","5.600","7.866","13.466","5.500","8.433","13.933"
"MCCALLUM Grace","18","INT","team",TRUE,"5.400","9.200","14.600",NA,NA,NA,NA,"5.600","8.500","14.100",NA,NA,NA,"5.500","8.300","13.800"
"MCCUSKER Riley","18","INT","team",TRUE,"5.400","8.866","14.266",NA,NA,NA,NA,"5.700","8.433","14.133","5.500","7.600","13.100","5.300","8.266","13.266"
"BILES Simone","19","INT","team",FALSE,"6.000","9.400","15.400",NA,NA,NA,NA,"6.200","8.400","14.600","6.200","8.233","14.433","6.600","8.733","15.333"
"EAKER Kara","19","INT","team",FALSE,NA,NA,NA,NA,NA,NA,NA,NA,NA,NA,"6.000","8.000","14.000",NA,NA,NA
"LEE Sunisa","19","INT","team",FALSE,NA,NA,NA,NA,NA,NA,NA,"6.400","8.333","14.733","5.800","6.733","12.533","5.700","8.533","14.233"
"MCCALLUM Grace","19","INT","team",FALSE,"5.400","9.200","14.600",NA,NA,NA,NA,"5.300","7.666","12.966",NA,NA,NA,NA,NA,NA
"CAREY Jade","19","INT","team",FALSE,"6.000","9.166","15.166",NA,NA,NA,NA,NA,NA,NA,NA,NA,NA,"6.300","8.233","14.333"
"BILES Simone","19","INT","team",TRUE,"6.000","9.366","15.066",NA,NA,NA,NA,"6.200","8.533","14.733","6.500","8.300","14.800","6.600","8.433","14.833"
"EAKER Kara","19","INT","team",TRUE,NA,NA,NA,NA,NA,NA,NA,"5.500","8.500","14.000","5.400","8.066","13.466",NA,NA,NA
"LEE Sunisa","19","INT","team",TRUE,"5.400","9.166","14.566",NA,NA,NA,NA,"6.400","8.600","15.000","6.200","7.200","13.400","5.700","8.500","14.200"
"MCCALLUM Grace","19","INT","team",TRUE,"5.400","9.166","14.566",NA,NA,NA,NA,"6.100","8.541","14.641","5.500","7.433","12.933","5.600","8.166","13.766"
"CAREY Jade","19","INT","team",TRUE,"6.000","9.300","15.300",NA,NA,NA,NA,NA,NA,NA,NA,NA,NA,"6.300","8.100","14.200"
"CAREY Jade","17","INT","VT",FALSE,"5.8","9","14.8",5.6,9.133,14.733,"14.766",NA,NA,NA,NA,NA,NA,NA,NA,NA
"LOCKLEAR Ashton","17","INT","UE",FALSE,NA,NA,NA,NA,NA,NA,NA,"5.4","7.366","12.766",NA,NA,NA,NA,NA,NA
"HURD Morgan","17","INT","BB",FALSE,NA,NA,NA,NA,NA,NA,NA,NA,NA,NA,"5.7","7.8","13.4",NA,NA,NA
"CAREY Jade","17","INT","FX",FALSE,NA,NA,NA,NA,NA,NA,NA,NA,NA,NA,NA,NA,NA,"5.7","8.5","14.2"
"BILES Simone","18","INT","VT",FALSE,"6","9.266","15.266",5.8,9.666,15.466,"15.366",NA,NA,NA,NA,NA,NA,NA,NA,NA
"BILES Simone","18","INT","UE",FALSE,NA,NA,NA,NA,NA,NA,NA,"6.2","8.5","14.7",NA,NA,NA,NA,NA,NA
"HURD Morgan","18","INT","UE",FALSE,NA,NA,NA,NA,NA,NA,NA,"6.1","8.333","14.433",NA,NA,NA,NA,NA,NA
"BILES Simone","18","INT","BB",FALSE,NA,NA,NA,NA,NA,NA,NA,NA,NA,NA,"6.2","7.4","13.6",NA,NA,NA
"EAKER Kara","18","INT","BB",FALSE,NA,NA,NA,NA,NA,NA,NA,NA,NA,NA,"6.2","6.733","12.833",NA,NA,NA
"BILES Simone","18","INT","FX",FALSE,NA,NA,NA,NA,NA,NA,NA,NA,NA,NA,NA,NA,NA,"6.7","8.533","14.933"
"HURD Morgan","18","INT","FX",FALSE,NA,NA,NA,NA,NA,NA,NA,NA,NA,NA,NA,NA,NA,"5.5","8.433","13.933"
"BILES Simone","18","INT","VT",TRUE,"6.4","9.566","15.966",5.8,9.566,15.366,"15.666",NA,NA,NA,NA,NA,NA,NA,NA,NA
"MCCALLUM Grace","18","INT","VT",TRUE,"5.4","9.2","14.6",4.6,8.933,13.533,"14.066",NA,NA,NA,NA,NA,NA,NA,NA,NA
"BILES Simone","19","INT","VT",FALSE,"6","9.333","15.333",5.8,9.666,15.466,"15.399",NA,NA,NA,NA,NA,NA,NA,NA,NA
"CAREY Jade","19","INT","VT",FALSE,"6","9.166","15.166",5.8,9.1,NA,"14.883",NA,NA,NA,NA,NA,NA,NA,NA,NA
"LEE Sunisa","19","INT","UE",FALSE,NA,NA,NA,NA,NA,NA,NA,"6.4","8.4","14.8",NA,NA,NA,NA,NA,NA
"BILES Simone","19","INT","UE",FALSE,NA,NA,NA,NA,NA,NA,NA,"6.2","8.5","14.7",NA,NA,NA,NA,NA,NA
"BILES Simone","19","INT","BB",FALSE,NA,NA,NA,NA,NA,NA,NA,NA,NA,NA,"6.4","8.666","15.066",NA,NA,NA
"EAKER Kara","19","INT","BB",FALSE,NA,NA,NA,NA,NA,NA,NA,NA,NA,NA,"5.9","8.1","14",NA,NA,NA
"BILES Simone","19","INT","FX",FALSE,NA,NA,NA,NA,NA,NA,NA,NA,NA,NA,NA,NA,NA,"6.7","8.533","15.133"
"LEE Sunisa","19","INT","FX",FALSE,NA,NA,NA,NA,NA,NA,NA,NA,NA,NA,NA,NA,NA,"5.7","8.433","14.133"
"CAREY Jade","19","INT","VT",TRUE,"6","9.3","15.3",5.8,9.3,15.1,"15.2",NA,NA,NA,NA,NA,NA,NA,NA,NA
"BILES Simone","19","INT","VT",TRUE,"6","9.366","15.066",5.8,9.533,15.333,"15.199",NA,NA,NA,NA,NA,NA,NA,NA,NA
"HURD Morgan","17","INT","AA",TRUE,"5.400","9.133","14.533",NA,NA,NA,NA,"5.800","8.500","14.300","5.400","7.266","12.666","5.500","8.333","13.733"
"SMITH Ragan","17","INT","AA",TRUE,"5.400","9.066","14.466",NA,NA,NA,NA,"6.000","8.133","14.133","5.700","7.200","12.900","5.800","8.633","14.433"
"HURD Morgan","17","INT","AA",TRUE,"5.400","9.066","14.466",NA,NA,NA,NA,"5.800","8.533","14.333","5.600","7.900","13.500","5.400","7.133","12.533"
"BILES Simone","18","INT","AA",TRUE,"6.400","8.133","14.533",NA,NA,NA,NA,"6.200","8.525","14.725","6.200","7.033","13.233","6.600","8.500","15.000"
"HURD Morgan","18","INT","AA",TRUE,"5.400","9.200","14.600",NA,NA,NA,NA,"6.100","8.233","14.333","5.400","7.533","12.933","5.400","8.466","13.866"
"BILES Simone","18","INT","AA",TRUE,"6.400","9.566","15.966",NA,NA,NA,NA,"6.200","8.666","14.866","6.400","8.400","14.800","6.700","8.633","15.333"
"HURD Morgan","18","INT","AA",TRUE,"5.400","9.200","14.600",NA,NA,NA,NA,"6.100","8.366","14.466","5.600","7.866","13.466","5.500","8.433","13.933"
"MCCUSKER Riley","18","INT","AA",TRUE,"5.400","8.866","14.266",NA,NA,NA,NA,"5.700","8.433","14.133","5.500","7.600","13.100","5.300","8.266","13.266"
"BILES Simone","19","INT","AA",TRUE,"6.000","9.333","15.23",NA,NA,NA,NA,"6.200","8.533","14.73","6.200","8.433","14.63","6.600","8.200","14.40"
"LEE Sunisa","19","INT","AA",TRUE,"5.400","9.066","14.46",NA,NA,NA,NA,"6.100","7.033","13.13","5.800","8.033","13.83","5.700","8.500","14.20"
"BILES Simone","19","INT","AA",TRUE,"6.000","9.366","15.06",NA,NA,NA,NA,"6.200","8.533","14.73","6.500","8.300","14.80","6.600","8.433","14.83"
"LEE Sunisa","19","INT","AA",TRUE,"5.400","9.166","14.56",NA,NA,NA,NA,"6.400","8.600","15.00","6.200","7.200","13.40","5.700","8.500","14.20"
"MC CALLUM Grace","19","INT","AA",TRUE,"5.400","9.166","14.56",NA,NA,NA,NA,"6.100","8.541","14.64","5.500","7.433","12.93","5.600","8.166","13.76"
"BILES Simone","18","DOM","BB",FALSE,NA,NA,NA,NA,NA,NA,NA,NA,NA,NA,"6.5","8.4","14.9",NA,NA,NA
"BILES Simone","18","DOM","BB",FALSE,NA,NA,NA,NA,NA,NA,NA,NA,NA,NA,"6.5","8.7","15.2",NA,NA,NA
"EAKER Kara","18","DOM","BB",FALSE,NA,NA,NA,NA,NA,NA,NA,NA,NA,NA,"6.3","8.15","14.45",NA,NA,NA
"EAKER Kara","18","DOM","BB",FALSE,NA,NA,NA,NA,NA,NA,NA,NA,NA,NA,"6.4","7.8","14.2",NA,NA,NA
"MCCUSKER Riley","18","DOM","BB",FALSE,NA,NA,NA,NA,NA,NA,NA,NA,NA,NA,"5.7","8.65","14.35",NA,NA,NA
"MCCUSKER Riley","18","DOM","BB",FALSE,NA,NA,NA,NA,NA,NA,NA,NA,NA,NA,"5.8","8.35","14.15",NA,NA,NA
"HURD Morgan","18","DOM","BB",FALSE,NA,NA,NA,NA,NA,NA,NA,NA,NA,NA,"5.4","8.15","13.55",NA,NA,NA
"HURD Morgan","18","DOM","BB",FALSE,NA,NA,NA,NA,NA,NA,NA,NA,NA,NA,"5.6","8.5","14.1",NA,NA,NA
"MCCALLUM Grace","18","DOM","BB",FALSE,NA,NA,NA,NA,NA,NA,NA,NA,NA,NA,"5.5","8.2","13.7",NA,NA,NA
"MCCALLUM Grace","18","DOM","BB",FALSE,NA,NA,NA,NA,NA,NA,NA,NA,NA,NA,"5.4","8.4","13.8",NA,NA,NA
"THOMAS Trinity","18","DOM","BB",FALSE,NA,NA,NA,NA,NA,NA,NA,NA,NA,NA,"5","8.25","13.25",NA,NA,NA
"THOMAS Trinity","18","DOM","BB",FALSE,NA,NA,NA,NA,NA,NA,NA,NA,NA,NA,"5.1","8.65","13.75",NA,NA,NA
"ADAMS Shania","18","DOM","BB",FALSE,NA,NA,NA,NA,NA,NA,NA,NA,NA,NA,"5.2","8.1","13.3",NA,NA,NA
"ADAMS Shania","18","DOM","BB",FALSE,NA,NA,NA,NA,NA,NA,NA,NA,NA,NA,"5.2","8.35","13.55",NA,NA,NA
"SMITH Ragan","18","DOM","BB",FALSE,NA,NA,NA,NA,NA,NA,NA,NA,NA,NA,"5.5","8.15","13.65",NA,NA,NA
"SMITH Ragan","18","DOM","BB",FALSE,NA,NA,NA,NA,NA,NA,NA,NA,NA,NA,"5.5","7.6","13.1",NA,NA,NA
"CAREY Jade","18","DOM","BB",FALSE,NA,NA,NA,NA,NA,NA,NA,NA,NA,NA,"5.3","7.65","12.95",NA,NA,NA
"CAREY Jade","18","DOM","BB",FALSE,NA,NA,NA,NA,NA,NA,NA,NA,NA,NA,"5.7","8.05","13.75",NA,NA,NA
"JONES Shilese","18","DOM","BB",FALSE,NA,NA,NA,NA,NA,NA,NA,NA,NA,NA,"5.3","7.9","13.2",NA,NA,NA
"JONES Shilese","18","DOM","BB",FALSE,NA,NA,NA,NA,NA,NA,NA,NA,NA,NA,"5.4","7.9","13.3",NA,NA,NA
"BLAKELY Sloane","18","DOM","BB",FALSE,NA,NA,NA,NA,NA,NA,NA,NA,NA,NA,"5.6","8.2","13.8",NA,NA,NA
"BLAKELY Sloane","18","DOM","BB",FALSE,NA,NA,NA,NA,NA,NA,NA,NA,NA,NA,"5.4","7.2","12.6",NA,NA,NA
"SHCHENNIKOVA Alyona","18","DOM","BB",FALSE,NA,NA,NA,NA,NA,NA,NA,NA,NA,NA,"5.5","7.65","13.05",NA,NA,NA
"SHCHENNIKOVA Alyona","18","DOM","BB",FALSE,NA,NA,NA,NA,NA,NA,NA,NA,NA,NA,"5.5","7.9","13.3",NA,NA,NA
"DAVIS Audrey","18","DOM","BB",FALSE,NA,NA,NA,NA,NA,NA,NA,NA,NA,NA,"5.4","7.7","13.1",NA,NA,NA
"DAVIS Audrey","18","DOM","BB",FALSE,NA,NA,NA,NA,NA,NA,NA,NA,NA,NA,"5.4","7.65","12.95",NA,NA,NA
"CHILES Jordan","18","DOM","BB",FALSE,NA,NA,NA,NA,NA,NA,NA,NA,NA,NA,"5.2","6.9","12.1",NA,NA,NA
"CHILES Jordan","18","DOM","BB",FALSE,NA,NA,NA,NA,NA,NA,NA,NA,NA,NA,"5.5","8.05","13.55",NA,NA,NA
"KENLIN Adeline","18","DOM","BB",FALSE,NA,NA,NA,NA,NA,NA,NA,NA,NA,NA,"5.4","6.85","12.25",NA,NA,NA
"KENLIN Adeline","18","DOM","BB",FALSE,NA,NA,NA,NA,NA,NA,NA,NA,NA,NA,"5.5","7.9","13.4",NA,NA,NA
"GILSTRAP Jaylene","18","DOM","BB",FALSE,NA,NA,NA,NA,NA,NA,NA,NA,NA,NA,"4.8","8.2","13",NA,NA,NA
"GILSTRAP Jaylene","18","DOM","BB",FALSE,NA,NA,NA,NA,NA,NA,NA,NA,NA,NA,"4.9","7.75","12.65",NA,NA,NA
"BLANCO Luisa","18","DOM","BB",FALSE,NA,NA,NA,NA,NA,NA,NA,NA,NA,NA,"5.2","7.8","13",NA,NA,NA
"BLANCO Luisa","18","DOM","BB",FALSE,NA,NA,NA,NA,NA,NA,NA,NA,NA,NA,"4.7","7.85","12.55",NA,NA,NA
"JOHNSTON Maddie","18","DOM","BB",FALSE,NA,NA,NA,NA,NA,NA,NA,NA,NA,NA,"5","8.05","13.05",NA,NA,NA
"JOHNSTON Maddie","18","DOM","BB",FALSE,NA,NA,NA,NA,NA,NA,NA,NA,NA,NA,"4.9","7.3","12.2",NA,NA,NA
"FRAZIER Margzetta","18","DOM","BB",FALSE,NA,NA,NA,NA,NA,NA,NA,NA,NA,NA,"5.1","7.15","12.15",NA,NA,NA
"FRAZIER Margzetta","18","DOM","BB",FALSE,NA,NA,NA,NA,NA,NA,NA,NA,NA,NA,"5.2","7.9","13.1",NA,NA,NA
"DUNNE Olivia","18","DOM","BB",FALSE,NA,NA,NA,NA,NA,NA,NA,NA,NA,NA,"4.9","7.45","12.35",NA,NA,NA
"DUNNE Olivia","18","DOM","BB",FALSE,NA,NA,NA,NA,NA,NA,NA,NA,NA,NA,"5","7.05","11.95",NA,NA,NA
"BILES Simone","18","DOM","FX",FALSE,NA,NA,NA,NA,NA,NA,NA,NA,NA,NA,NA,NA,NA,"6.6","8.2","14.7"
"BILES Simone","18","DOM","FX",FALSE,NA,NA,NA,NA,NA,NA,NA,NA,NA,NA,NA,NA,NA,"6.7","8.35","14.45"
"CAREY Jade","18","DOM","FX",FALSE,NA,NA,NA,NA,NA,NA,NA,NA,NA,NA,NA,NA,NA,"6.3","7.9","14.2"
"CAREY Jade","18","DOM","FX",FALSE,NA,NA,NA,NA,NA,NA,NA,NA,NA,NA,NA,NA,NA,"6.3","7.9","14.1"
"HURD Morgan","18","DOM","FX",FALSE,NA,NA,NA,NA,NA,NA,NA,NA,NA,NA,NA,NA,NA,"5.5","8.35","13.85"
"HURD Morgan","18","DOM","FX",FALSE,NA,NA,NA,NA,NA,NA,NA,NA,NA,NA,NA,NA,NA,"5.6","8.25","13.85"
"MCCALLUM Grace","18","DOM","FX",FALSE,NA,NA,NA,NA,NA,NA,NA,NA,NA,NA,NA,NA,NA,"5.6","8.2","13.8"
"MCCALLUM Grace","18","DOM","FX",FALSE,NA,NA,NA,NA,NA,NA,NA,NA,NA,NA,NA,NA,NA,"5.6","8.2","13.8"
"EAKER Kara","18","DOM","FX",FALSE,NA,NA,NA,NA,NA,NA,NA,NA,NA,NA,NA,NA,NA,"5.3","8.25","13.55"
"EAKER Kara","18","DOM","FX",FALSE,NA,NA,NA,NA,NA,NA,NA,NA,NA,NA,NA,NA,NA,"5.3","8.1","13.4"
"THOMAS Trinity","18","DOM","FX",FALSE,NA,NA,NA,NA,NA,NA,NA,NA,NA,NA,NA,NA,NA,"5.7","8.05","13.45"
"THOMAS Trinity","18","DOM","FX",FALSE,NA,NA,NA,NA,NA,NA,NA,NA,NA,NA,NA,NA,NA,"5.9","7.55","13.35"
"JONES Shilese","18","DOM","FX",FALSE,NA,NA,NA,NA,NA,NA,NA,NA,NA,NA,NA,NA,NA,"5.5","7.9","13.4"
"JONES Shilese","18","DOM","FX",FALSE,NA,NA,NA,NA,NA,NA,NA,NA,NA,NA,NA,NA,NA,"5.3","8.05","13.35"
"MCCUSKER Riley","18","DOM","FX",FALSE,NA,NA,NA,NA,NA,NA,NA,NA,NA,NA,NA,NA,NA,"5.3","8.15","13.45"
"MCCUSKER Riley","18","DOM","FX",FALSE,NA,NA,NA,NA,NA,NA,NA,NA,NA,NA,NA,NA,NA,"5.4","8.2","13.3"
"SHCHENNIKOVA Alyona","18","DOM","FX",FALSE,NA,NA,NA,NA,NA,NA,NA,NA,NA,NA,NA,NA,NA,"5.4","7.55","12.95"
"SHCHENNIKOVA Alyona","18","DOM","FX",FALSE,NA,NA,NA,NA,NA,NA,NA,NA,NA,NA,NA,NA,NA,"5.5","7.5","13"
"FRAZIER Margzetta","18","DOM","FX",FALSE,NA,NA,NA,NA,NA,NA,NA,NA,NA,NA,NA,NA,NA,"5.3","7.75","13.05"
"FRAZIER Margzetta","18","DOM","FX",FALSE,NA,NA,NA,NA,NA,NA,NA,NA,NA,NA,NA,NA,NA,"5.2","7.6","12.8"
"SMITH Ragan","18","DOM","FX",FALSE,NA,NA,NA,NA,NA,NA,NA,NA,NA,NA,NA,NA,NA,"5.3","7.3","12.6"
"SMITH Ragan","18","DOM","FX",FALSE,NA,NA,NA,NA,NA,NA,NA,NA,NA,NA,NA,NA,NA,"5.5","7.7","13.1"
"JOHNSTON Maddie","18","DOM","FX",FALSE,NA,NA,NA,NA,NA,NA,NA,NA,NA,NA,NA,NA,NA,"5.1","7.55","12.65"
"JOHNSTON Maddie","18","DOM","FX",FALSE,NA,NA,NA,NA,NA,NA,NA,NA,NA,NA,NA,NA,NA,"5.2","7.7","12.9"
"GILSTRAP Jaylene","18","DOM","FX",FALSE,NA,NA,NA,NA,NA,NA,NA,NA,NA,NA,NA,NA,NA,"5.1","7.75","12.85"
"GILSTRAP Jaylene","18","DOM","FX",FALSE,NA,NA,NA,NA,NA,NA,NA,NA,NA,NA,NA,NA,NA,"5.1","7.55","12.65"
"BLANCO Luisa","18","DOM","FX",FALSE,NA,NA,NA,NA,NA,NA,NA,NA,NA,NA,NA,NA,NA,"4.9","8.05","12.95"
"BLANCO Luisa","18","DOM","FX",FALSE,NA,NA,NA,NA,NA,NA,NA,NA,NA,NA,NA,NA,NA,"4.9","7.55","12.45"
"BLAKELY Sloane","18","DOM","FX",FALSE,NA,NA,NA,NA,NA,NA,NA,NA,NA,NA,NA,NA,NA,"5.1","7.7","12.8"
"BLAKELY Sloane","18","DOM","FX",FALSE,NA,NA,NA,NA,NA,NA,NA,NA,NA,NA,NA,NA,NA,"5.2","6.85","12.05"
"DAVIS Audrey","18","DOM","FX",FALSE,NA,NA,NA,NA,NA,NA,NA,NA,NA,NA,NA,NA,NA,"4.7","7.65","12.35"
"DAVIS Audrey","18","DOM","FX",FALSE,NA,NA,NA,NA,NA,NA,NA,NA,NA,NA,NA,NA,NA,"5","7.5","12.5"
"KENLIN Adeline","18","DOM","FX",FALSE,NA,NA,NA,NA,NA,NA,NA,NA,NA,NA,NA,NA,NA,"5.1","7","12.1"
"KENLIN Adeline","18","DOM","FX",FALSE,NA,NA,NA,NA,NA,NA,NA,NA,NA,NA,NA,NA,NA,"5.1","7.6","12.7"
"SOZA Deanne","18","DOM","FX",FALSE,NA,NA,NA,NA,NA,NA,NA,NA,NA,NA,NA,NA,NA,"4.7","7.5","12.2"
"SOZA Deanne","18","DOM","FX",FALSE,NA,NA,NA,NA,NA,NA,NA,NA,NA,NA,NA,NA,NA,"5","7.55","12.55"
"DUNNE Olivia","18","DOM","FX",FALSE,NA,NA,NA,NA,NA,NA,NA,NA,NA,NA,NA,NA,NA,"5","7.6","12.6"
"DUNNE Olivia","18","DOM","FX",FALSE,NA,NA,NA,NA,NA,NA,NA,NA,NA,NA,NA,NA,NA,"4.7","7.35","12.05"
"ADAMS Shania","18","DOM","FX",FALSE,NA,NA,NA,NA,NA,NA,NA,NA,NA,NA,NA,NA,NA,"4.8","7.15","11.65"
"ADAMS Shania","18","DOM","FX",FALSE,NA,NA,NA,NA,NA,NA,NA,NA,NA,NA,NA,NA,NA,"5.2","7.9","13"
"CHILES Jordan","18","DOM","FX",FALSE,NA,NA,NA,NA,NA,NA,NA,NA,NA,NA,NA,NA,NA,"5.5","7","12.5"
"CHILES Jordan","18","DOM","FX",FALSE,NA,NA,NA,NA,NA,NA,NA,NA,NA,NA,NA,NA,NA,"5.5","6.7","12"
"BILES Simone","18","DOM","UE",FALSE,NA,NA,NA,NA,NA,NA,NA,"6.2","8.35","14.55",NA,NA,NA,NA,NA,NA
"BILES Simone","18","DOM","UE",FALSE,NA,NA,NA,NA,NA,NA,NA,"6.2","8.65","14.85",NA,NA,NA,NA,NA,NA
"MCCUSKER Riley","18","DOM","UE",FALSE,NA,NA,NA,NA,NA,NA,NA,"6","8.8","14.8",NA,NA,NA,NA,NA,NA
"MCCUSKER Riley","18","DOM","UE",FALSE,NA,NA,NA,NA,NA,NA,NA,"5.9","8.6","14.5",NA,NA,NA,NA,NA,NA
"HURD Morgan","18","DOM","UE",FALSE,NA,NA,NA,NA,NA,NA,NA,"6.1","8.4","14.5",NA,NA,NA,NA,NA,NA
"HURD Morgan","18","DOM","UE",FALSE,NA,NA,NA,NA,NA,NA,NA,"6.1","8.55","14.65",NA,NA,NA,NA,NA,NA
"THOMAS Trinity","18","DOM","UE",FALSE,NA,NA,NA,NA,NA,NA,NA,"5.3","8.2","13.5",NA,NA,NA,NA,NA,NA
"THOMAS Trinity","18","DOM","UE",FALSE,NA,NA,NA,NA,NA,NA,NA,"5.7","8.7","14.4",NA,NA,NA,NA,NA,NA
"SHCHENNIKOVA Alyona","18","DOM","UE",FALSE,NA,NA,NA,NA,NA,NA,NA,"6.2","8.1","14.3",NA,NA,NA,NA,NA,NA
"SHCHENNIKOVA Alyona","18","DOM","UE",FALSE,NA,NA,NA,NA,NA,NA,NA,"6","7.45","13.45",NA,NA,NA,NA,NA,NA
"JONES Shilese","18","DOM","UE",FALSE,NA,NA,NA,NA,NA,NA,NA,"5.3","8.3","13.6",NA,NA,NA,NA,NA,NA
"JONES Shilese","18","DOM","UE",FALSE,NA,NA,NA,NA,NA,NA,NA,"5.3","8.65","13.95",NA,NA,NA,NA,NA,NA
"MCCALLUM Grace","18","DOM","UE",FALSE,NA,NA,NA,NA,NA,NA,NA,"5.7","7.95","13.65",NA,NA,NA,NA,NA,NA
"MCCALLUM Grace","18","DOM","UE",FALSE,NA,NA,NA,NA,NA,NA,NA,"5.6","8.3","13.9",NA,NA,NA,NA,NA,NA
"ADAMS Shania","18","DOM","UE",FALSE,NA,NA,NA,NA,NA,NA,NA,"5.1","8.7","13.8",NA,NA,NA,NA,NA,NA
"ADAMS Shania","18","DOM","UE",FALSE,NA,NA,NA,NA,NA,NA,NA,"5.1","8.6","13.7",NA,NA,NA,NA,NA,NA
"EAKER Kara","18","DOM","UE",FALSE,NA,NA,NA,NA,NA,NA,NA,"5.4","8.15","13.55",NA,NA,NA,NA,NA,NA
"EAKER Kara","18","DOM","UE",FALSE,NA,NA,NA,NA,NA,NA,NA,"5.4","8.1","13.5",NA,NA,NA,NA,NA,NA
"CHILES Jordan","18","DOM","UE",FALSE,NA,NA,NA,NA,NA,NA,NA,"5.5","8.35","13.85",NA,NA,NA,NA,NA,NA
"CHILES Jordan","18","DOM","UE",FALSE,NA,NA,NA,NA,NA,NA,NA,"5.5","7.55","13.05",NA,NA,NA,NA,NA,NA
"SMITH Ragan","18","DOM","UE",FALSE,NA,NA,NA,NA,NA,NA,NA,"5.9","7.25","13.15",NA,NA,NA,NA,NA,NA
"SMITH Ragan","18","DOM","UE",FALSE,NA,NA,NA,NA,NA,NA,NA,"5.9","7.45","13.35",NA,NA,NA,NA,NA,NA
"FRAZIER Margzetta","18","DOM","UE",FALSE,NA,NA,NA,NA,NA,NA,NA,"5.9","8.05","13.95",NA,NA,NA,NA,NA,NA
"FRAZIER Margzetta","18","DOM","UE",FALSE,NA,NA,NA,NA,NA,NA,NA,"5.7","7.15","12.55",NA,NA,NA,NA,NA,NA
"SOZA Deanne","18","DOM","UE",FALSE,NA,NA,NA,NA,NA,NA,NA,"5.2","7.25","12.45",NA,NA,NA,NA,NA,NA
"SOZA Deanne","18","DOM","UE",FALSE,NA,NA,NA,NA,NA,NA,NA,"5.2","8.4","13.6",NA,NA,NA,NA,NA,NA
"DAVIS Audrey","18","DOM","UE",FALSE,NA,NA,NA,NA,NA,NA,NA,"5.6","8.2","13.8",NA,NA,NA,NA,NA,NA
"DAVIS Audrey","18","DOM","UE",FALSE,NA,NA,NA,NA,NA,NA,NA,"5.6","6.15","11.75",NA,NA,NA,NA,NA,NA
"CAREY Jade","18","DOM","UE",FALSE,NA,NA,NA,NA,NA,NA,NA,"5","7.95","12.95",NA,NA,NA,NA,NA,NA
"CAREY Jade","18","DOM","UE",FALSE,NA,NA,NA,NA,NA,NA,NA,"4.9","7.65","12.55",NA,NA,NA,NA,NA,NA
"JOHNSTON Maddie","18","DOM","UE",FALSE,NA,NA,NA,NA,NA,NA,NA,"5.1","7.75","12.85",NA,NA,NA,NA,NA,NA
"JOHNSTON Maddie","18","DOM","UE",FALSE,NA,NA,NA,NA,NA,NA,NA,"4.5","7.1","11.6",NA,NA,NA,NA,NA,NA
"DUNNE Olivia","18","DOM","UE",FALSE,NA,NA,NA,NA,NA,NA,NA,"5.2","7.2","12.4",NA,NA,NA,NA,NA,NA
"DUNNE Olivia","18","DOM","UE",FALSE,NA,NA,NA,NA,NA,NA,NA,"4.9","6.3","11.2",NA,NA,NA,NA,NA,NA
"BLAKELY Sloane","18","DOM","UE",FALSE,NA,NA,NA,NA,NA,NA,NA,"3.9","7","10.9",NA,NA,NA,NA,NA,NA
"BLAKELY Sloane","18","DOM","UE",FALSE,NA,NA,NA,NA,NA,NA,NA,"3.9","8.75","12.65",NA,NA,NA,NA,NA,NA
"BLANCO Luisa","18","DOM","UE",FALSE,NA,NA,NA,NA,NA,NA,NA,"4.8","7.3","12.1",NA,NA,NA,NA,NA,NA
"BLANCO Luisa","18","DOM","UE",FALSE,NA,NA,NA,NA,NA,NA,NA,"4","7.4","11.4",NA,NA,NA,NA,NA,NA
"BILES Simone","18","DOM","VT",FALSE,"6","9.6","15.6",5.8,9.8,15.6,"15.600",NA,NA,NA,NA,NA,NA,NA,NA,NA
"BILES Simone","18","DOM","VT",FALSE,"6","9.6","15.6",5.8,9.65,15.6,"15.525",NA,NA,NA,NA,NA,NA,NA,NA,NA
"CHILES Jordan","18","DOM","VT",FALSE,"5.5","9.3","14.8",4.8,9.1,14.8,"14.350",NA,NA,NA,NA,NA,NA,NA,NA,NA
"CHILES Jordan","18","DOM","VT",FALSE,"5.8","9.2","15",4.8,9,15,"14.400",NA,NA,NA,NA,NA,NA,NA,NA,NA
"CAREY Jade","18","DOM","VT",FALSE,"5.4","9.25","14.65",4.8,8.85,14.65,"14.150",NA,NA,NA,NA,NA,NA,NA,NA,NA
"CAREY Jade","18","DOM","VT",FALSE,"5.4","9.15","14.55",5.2,8.85,14.45,"14.250",NA,NA,NA,NA,NA,NA,NA,NA,NA
"BILES Simone","19","DOM","BB",FALSE,NA,NA,NA,NA,NA,NA,NA,NA,NA,NA,"6.2","8.5","14.7",NA,NA,NA
"BILES Simone","19","DOM","BB",FALSE,NA,NA,NA,NA,NA,NA,NA,NA,NA,NA,"6.6","8.35","14.95",NA,NA,NA
"EAKER Kara","19","DOM","BB",FALSE,NA,NA,NA,NA,NA,NA,NA,NA,NA,NA,"6.6","8.3","14.9",NA,NA,NA
"EAKER Kara","19","DOM","BB",FALSE,NA,NA,NA,NA,NA,NA,NA,NA,NA,NA,"6.6","7.15","13.75",NA,NA,NA
"WONG Leanne","19","DOM","BB",FALSE,NA,NA,NA,NA,NA,NA,NA,NA,NA,NA,"6","8.55","14.55",NA,NA,NA
"WONG Leanne","19","DOM","BB",FALSE,NA,NA,NA,NA,NA,NA,NA,NA,NA,NA,"5.8","8.15","13.95",NA,NA,NA
"LEE Sunisa","19","DOM","BB",FALSE,NA,NA,NA,NA,NA,NA,NA,NA,NA,NA,"5.8","8.05","13.85",NA,NA,NA
"LEE Sunisa","19","DOM","BB",FALSE,NA,NA,NA,NA,NA,NA,NA,NA,NA,NA,"6.2","8.15","14.35",NA,NA,NA
"HURD Morgan","19","DOM","BB",FALSE,NA,NA,NA,NA,NA,NA,NA,NA,NA,NA,"5.7","8.25","13.95",NA,NA,NA
"HURD Morgan","19","DOM","BB",FALSE,NA,NA,NA,NA,NA,NA,NA,NA,NA,NA,"5.7","8.45","14.15",NA,NA,NA
"LEE Emily","19","DOM","BB",FALSE,NA,NA,NA,NA,NA,NA,NA,NA,NA,NA,"5.9","8","13.9",NA,NA,NA
"LEE Emily","19","DOM","BB",FALSE,NA,NA,NA,NA,NA,NA,NA,NA,NA,NA,"5.8","8.35","14.15",NA,NA,NA
"TORREZ Faith","19","DOM","BB",FALSE,NA,NA,NA,NA,NA,NA,NA,NA,NA,NA,"5.9","8","13.9",NA,NA,NA
"TORREZ Faith","19","DOM","BB",FALSE,NA,NA,NA,NA,NA,NA,NA,NA,NA,NA,"5.8","8.25","14.05",NA,NA,NA
"MCCALLUM Grace","19","DOM","BB",FALSE,NA,NA,NA,NA,NA,NA,NA,NA,NA,NA,"5.9","8.55","14.45",NA,NA,NA
"MCCALLUM Grace","19","DOM","BB",FALSE,NA,NA,NA,NA,NA,NA,NA,NA,NA,NA,"5.5","7.55","13.05",NA,NA,NA
"BLAKELY Sloane","19","DOM","BB",FALSE,NA,NA,NA,NA,NA,NA,NA,NA,NA,NA,"5.8","8.15","13.95",NA,NA,NA
"BLAKELY Sloane","19","DOM","BB",FALSE,NA,NA,NA,NA,NA,NA,NA,NA,NA,NA,"5.6","7.8","13.4",NA,NA,NA
"THOMAS Trinity","19","DOM","BB",FALSE,NA,NA,NA,NA,NA,NA,NA,NA,NA,NA,"5.4","8.25","13.65",NA,NA,NA
"THOMAS Trinity","19","DOM","BB",FALSE,NA,NA,NA,NA,NA,NA,NA,NA,NA,NA,"5.5","7.9","13.4",NA,NA,NA
"JONES Shilese","19","DOM","BB",FALSE,NA,NA,NA,NA,NA,NA,NA,NA,NA,NA,"5.7","7.85","13.55",NA,NA,NA
"JONES Shilese","19","DOM","BB",FALSE,NA,NA,NA,NA,NA,NA,NA,NA,NA,NA,"5.7","7.75","13.45",NA,NA,NA
"CHILES Jordan","19","DOM","BB",FALSE,NA,NA,NA,NA,NA,NA,NA,NA,NA,NA,"5.3","8.3","13.6",NA,NA,NA
"CHILES Jordan","19","DOM","BB",FALSE,NA,NA,NA,NA,NA,NA,NA,NA,NA,NA,"5.2","8.1","13.3",NA,NA,NA
"CAREY Jade","19","DOM","BB",FALSE,NA,NA,NA,NA,NA,NA,NA,NA,NA,NA,"5.4","7.8","13.1",NA,NA,NA
"CAREY Jade","19","DOM","BB",FALSE,NA,NA,NA,NA,NA,NA,NA,NA,NA,NA,"5.6","7.9","13.5",NA,NA,NA
"SKINNER MyKayla","19","DOM","BB",FALSE,NA,NA,NA,NA,NA,NA,NA,NA,NA,NA,"5.7","7.2","12.9",NA,NA,NA
"SKINNER MyKayla","19","DOM","BB",FALSE,NA,NA,NA,NA,NA,NA,NA,NA,NA,NA,"5.6","7.95","13.55",NA,NA,NA
"FINNEGAN Aleah","19","DOM","BB",FALSE,NA,NA,NA,NA,NA,NA,NA,NA,NA,NA,"5","8.2","13.2",NA,NA,NA
"FINNEGAN Aleah","19","DOM","BB",FALSE,NA,NA,NA,NA,NA,NA,NA,NA,NA,NA,"5","8.2","13.2",NA,NA,NA
"PEREA Gabby","19","DOM","BB",FALSE,NA,NA,NA,NA,NA,NA,NA,NA,NA,NA,"5.5","7.65","13.15",NA,NA,NA
"PEREA Gabby","19","DOM","BB",FALSE,NA,NA,NA,NA,NA,NA,NA,NA,NA,NA,"5.4","7.4","12.8",NA,NA,NA
"MCCUSKER Riley","19","DOM","BB",FALSE,NA,NA,NA,NA,NA,NA,NA,NA,NA,NA,"0","0","0",NA,NA,NA
"MCCUSKER Riley","19","DOM","BB",FALSE,NA,NA,NA,NA,NA,NA,NA,NA,NA,NA,"6","8.5","14.5",NA,NA,NA
"BILES Simone","19","DOM","FX",FALSE,NA,NA,NA,NA,NA,NA,NA,NA,NA,NA,NA,NA,NA,"6.7","8.4","15.1"
"BILES Simone","19","DOM","FX",FALSE,NA,NA,NA,NA,NA,NA,NA,NA,NA,NA,NA,NA,NA,"6.7","7.65","14.35"
"CAREY Jade","19","DOM","FX",FALSE,NA,NA,NA,NA,NA,NA,NA,NA,NA,NA,NA,NA,NA,"6.3","7.9","14.1"
"CAREY Jade","19","DOM","FX",FALSE,NA,NA,NA,NA,NA,NA,NA,NA,NA,NA,NA,NA,NA,"6.3","8","14.3"
"LEE Sunisa","19","DOM","FX",FALSE,NA,NA,NA,NA,NA,NA,NA,NA,NA,NA,NA,NA,NA,"5.7","8.3","14"
"LEE Sunisa","19","DOM","FX",FALSE,NA,NA,NA,NA,NA,NA,NA,NA,NA,NA,NA,NA,NA,"5.7","8.25","13.95"
"MCCALLUM Grace","19","DOM","FX",FALSE,NA,NA,NA,NA,NA,NA,NA,NA,NA,NA,NA,NA,NA,"5.7","8.3","14"
"MCCALLUM Grace","19","DOM","FX",FALSE,NA,NA,NA,NA,NA,NA,NA,NA,NA,NA,NA,NA,NA,"5.7","7.95","13.65"
"SKINNER MyKayla","19","DOM","FX",FALSE,NA,NA,NA,NA,NA,NA,NA,NA,NA,NA,NA,NA,NA,"5.8","8.05","13.85"
"SKINNER MyKayla","19","DOM","FX",FALSE,NA,NA,NA,NA,NA,NA,NA,NA,NA,NA,NA,NA,NA,"5.7","8","13.7"
"FINNEGAN Aleah","19","DOM","FX",FALSE,NA,NA,NA,NA,NA,NA,NA,NA,NA,NA,NA,NA,NA,"5.5","8.15","13.65"
"FINNEGAN Aleah","19","DOM","FX",FALSE,NA,NA,NA,NA,NA,NA,NA,NA,NA,NA,NA,NA,NA,"5.4","8.15","13.55"
"CHILES Jordan","19","DOM","FX",FALSE,NA,NA,NA,NA,NA,NA,NA,NA,NA,NA,NA,NA,NA,"5.3","8","13.3"
"CHILES Jordan","19","DOM","FX",FALSE,NA,NA,NA,NA,NA,NA,NA,NA,NA,NA,NA,NA,NA,"5.3","8.45","13.75"
"LEE Emily","19","DOM","FX",FALSE,NA,NA,NA,NA,NA,NA,NA,NA,NA,NA,NA,NA,NA,"5.3","7.8","13"
"LEE Emily","19","DOM","FX",FALSE,NA,NA,NA,NA,NA,NA,NA,NA,NA,NA,NA,NA,NA,"5.4","8.25","13.55"
"JONES Shilese","19","DOM","FX",FALSE,NA,NA,NA,NA,NA,NA,NA,NA,NA,NA,NA,NA,NA,"5.4","8.25","13.65"
"JONES Shilese","19","DOM","FX",FALSE,NA,NA,NA,NA,NA,NA,NA,NA,NA,NA,NA,NA,NA,"5","7.85","12.85"
"EAKER Kara","19","DOM","FX",FALSE,NA,NA,NA,NA,NA,NA,NA,NA,NA,NA,NA,NA,NA,"5.3","7.8","12.8"
"EAKER Kara","19","DOM","FX",FALSE,NA,NA,NA,NA,NA,NA,NA,NA,NA,NA,NA,NA,NA,"5.4","8.25","13.65"
"TORREZ Faith","19","DOM","FX",FALSE,NA,NA,NA,NA,NA,NA,NA,NA,NA,NA,NA,NA,NA,"5.4","8","13.1"
"TORREZ Faith","19","DOM","FX",FALSE,NA,NA,NA,NA,NA,NA,NA,NA,NA,NA,NA,NA,NA,"5.2","7.8","13"
"PEREA Gabby","19","DOM","FX",FALSE,NA,NA,NA,NA,NA,NA,NA,NA,NA,NA,NA,NA,NA,"5","7.7","12.6"
"PEREA Gabby","19","DOM","FX",FALSE,NA,NA,NA,NA,NA,NA,NA,NA,NA,NA,NA,NA,NA,"5.3","8.15","13.45"
"HURD Morgan","19","DOM","FX",FALSE,NA,NA,NA,NA,NA,NA,NA,NA,NA,NA,NA,NA,NA,"5.3","8.45","13.75"
"HURD Morgan","19","DOM","FX",FALSE,NA,NA,NA,NA,NA,NA,NA,NA,NA,NA,NA,NA,NA,"5.1","6.95","12.05"
"WONG Leanne","19","DOM","FX",FALSE,NA,NA,NA,NA,NA,NA,NA,NA,NA,NA,NA,NA,NA,"5.3","7.55","12.75"
"WONG Leanne","19","DOM","FX",FALSE,NA,NA,NA,NA,NA,NA,NA,NA,NA,NA,NA,NA,NA,"4.8","7.9","12.7"
"THOMAS Trinity","19","DOM","FX",FALSE,NA,NA,NA,NA,NA,NA,NA,NA,NA,NA,NA,NA,NA,"5.6","6.25","11.55"
"THOMAS Trinity","19","DOM","FX",FALSE,NA,NA,NA,NA,NA,NA,NA,NA,NA,NA,NA,NA,NA,"5.5","8.25","13.75"
"BLAKELY Sloane","19","DOM","FX",FALSE,NA,NA,NA,NA,NA,NA,NA,NA,NA,NA,NA,NA,NA,"5","7.65","12.55"
"BLAKELY Sloane","19","DOM","FX",FALSE,NA,NA,NA,NA,NA,NA,NA,NA,NA,NA,NA,NA,NA,"5.2","7.65","12.65"
"MCCUSKER Riley","19","DOM","FX",FALSE,NA,NA,NA,NA,NA,NA,NA,NA,NA,NA,NA,NA,NA,"0","0","0"
"MCCUSKER Riley","19","DOM","FX",FALSE,NA,NA,NA,NA,NA,NA,NA,NA,NA,NA,NA,NA,NA,"5.3","8.05","13.25"
"LEE Sunisa","19","DOM","UE",FALSE,NA,NA,NA,NA,NA,NA,NA,"6.4","8.65","15.05",NA,NA,NA,NA,NA,NA
"LEE Sunisa","19","DOM","UE",FALSE,NA,NA,NA,NA,NA,NA,NA,"6.3","8.45","14.75",NA,NA,NA,NA,NA,NA
"HURD Morgan","19","DOM","UE",FALSE,NA,NA,NA,NA,NA,NA,NA,"6","8.6","14.6",NA,NA,NA,NA,NA,NA
"HURD Morgan","19","DOM","UE",FALSE,NA,NA,NA,NA,NA,NA,NA,"5.9","8.5","14.4",NA,NA,NA,NA,NA,NA
"BILES Simone","19","DOM","UE",FALSE,NA,NA,NA,NA,NA,NA,NA,"6.3","8.45","14.75",NA,NA,NA,NA,NA,NA
"BILES Simone","19","DOM","UE",FALSE,NA,NA,NA,NA,NA,NA,NA,"6.1","7.95","14.05",NA,NA,NA,NA,NA,NA
"THOMAS Trinity","19","DOM","UE",FALSE,NA,NA,NA,NA,NA,NA,NA,"5.5","8.75","14.25",NA,NA,NA,NA,NA,NA
"THOMAS Trinity","19","DOM","UE",FALSE,NA,NA,NA,NA,NA,NA,NA,"5.6","8.6","14.2",NA,NA,NA,NA,NA,NA
"WONG Leanne","19","DOM","UE",FALSE,NA,NA,NA,NA,NA,NA,NA,"5.9","7.9","13.8",NA,NA,NA,NA,NA,NA
"WONG Leanne","19","DOM","UE",FALSE,NA,NA,NA,NA,NA,NA,NA,"5.9","8.15","14.05",NA,NA,NA,NA,NA,NA
"MCCALLUM Grace","19","DOM","UE",FALSE,NA,NA,NA,NA,NA,NA,NA,"5.9","8.05","13.95",NA,NA,NA,NA,NA,NA
"MCCALLUM Grace","19","DOM","UE",FALSE,NA,NA,NA,NA,NA,NA,NA,"5.9","7.6","13.5",NA,NA,NA,NA,NA,NA
"CHILES Jordan","19","DOM","UE",FALSE,NA,NA,NA,NA,NA,NA,NA,"5.4","8.45","13.85",NA,NA,NA,NA,NA,NA
"CHILES Jordan","19","DOM","UE",FALSE,NA,NA,NA,NA,NA,NA,NA,"5.3","8.25","13.55",NA,NA,NA,NA,NA,NA
"MCCUSKER Riley","19","DOM","UE",FALSE,NA,NA,NA,NA,NA,NA,NA,"5.8","8.1","13.9",NA,NA,NA,NA,NA,NA
"MCCUSKER Riley","19","DOM","UE",FALSE,NA,NA,NA,NA,NA,NA,NA,"6","7.5","13.5",NA,NA,NA,NA,NA,NA
"SKINNER MyKayla","19","DOM","UE",FALSE,NA,NA,NA,NA,NA,NA,NA,"5.8","7.55","13.35",NA,NA,NA,NA,NA,NA
"SKINNER MyKayla","19","DOM","UE",FALSE,NA,NA,NA,NA,NA,NA,NA,"5.6","7.4","13",NA,NA,NA,NA,NA,NA
"PEREA Gabby","19","DOM","UE",FALSE,NA,NA,NA,NA,NA,NA,NA,"5.7","7.3","13",NA,NA,NA,NA,NA,NA
"PEREA Gabby","19","DOM","UE",FALSE,NA,NA,NA,NA,NA,NA,NA,"5.7","7.3","13",NA,NA,NA,NA,NA,NA
"EAKER Kara","19","DOM","UE",FALSE,NA,NA,NA,NA,NA,NA,NA,"4.6","7.3","11.9",NA,NA,NA,NA,NA,NA
"EAKER Kara","19","DOM","UE",FALSE,NA,NA,NA,NA,NA,NA,NA,"5.5","8.1","13.6",NA,NA,NA,NA,NA,NA
"CAREY Jade","19","DOM","UE",FALSE,NA,NA,NA,NA,NA,NA,NA,"5.1","6.55","11.65",NA,NA,NA,NA,NA,NA
"CAREY Jade","19","DOM","UE",FALSE,NA,NA,NA,NA,NA,NA,NA,"5.2","8.1","13.3",NA,NA,NA,NA,NA,NA
"FINNEGAN Aleah","19","DOM","UE",FALSE,NA,NA,NA,NA,NA,NA,NA,"5","7.9","12.9",NA,NA,NA,NA,NA,NA
"FINNEGAN Aleah","19","DOM","UE",FALSE,NA,NA,NA,NA,NA,NA,NA,"4.9","7.1","12",NA,NA,NA,NA,NA,NA
"JONES Shilese","19","DOM","UE",FALSE,NA,NA,NA,NA,NA,NA,NA,"5.4","6.6","12",NA,NA,NA,NA,NA,NA
"JONES Shilese","19","DOM","UE",FALSE,NA,NA,NA,NA,NA,NA,NA,"5.6","7.25","12.85",NA,NA,NA,NA,NA,NA
"LEE Emily","19","DOM","UE",FALSE,NA,NA,NA,NA,NA,NA,NA,"5.1","7.05","12.15",NA,NA,NA,NA,NA,NA
"LEE Emily","19","DOM","UE",FALSE,NA,NA,NA,NA,NA,NA,NA,"5.3","7.35","12.65",NA,NA,NA,NA,NA,NA
"TORREZ Faith","19","DOM","UE",FALSE,NA,NA,NA,NA,NA,NA,NA,"5.3","7.45","12.75",NA,NA,NA,NA,NA,NA
"TORREZ Faith","19","DOM","UE",FALSE,NA,NA,NA,NA,NA,NA,NA,"5.2","6.3","11.5",NA,NA,NA,NA,NA,NA
"BILES Simone","19","DOM","VT",FALSE,"6","9.3","15.3",5.8,9.8,15.3,"15.450",NA,NA,NA,NA,NA,NA,NA,NA,NA
"BILES Simone","19","DOM","VT",FALSE,"6","9.3","15.3",5.8,9.7,15.3,"15.400",NA,NA,NA,NA,NA,NA,NA,NA,NA
"CAREY Jade","19","DOM","VT",FALSE,"6","9","15",5.8,8.95,15,"14.875",NA,NA,NA,NA,NA,NA,NA,NA,NA
"CAREY Jade","19","DOM","VT",FALSE,"6","9","15",5.8,9.25,15,"15.025",NA,NA,NA,NA,NA,NA,NA,NA,NA
"SKINNER MyKayla","19","DOM","VT",FALSE,"5.8","8.8","14.6",6,9,14.6,"14.800",NA,NA,NA,NA,NA,NA,NA,NA,NA
"SKINNER MyKayla","19","DOM","VT",FALSE,"5.8","8.95","14.65",6,8.8,14.75,"14.725",NA,NA,NA,NA,NA,NA,NA,NA,NA
"FINNEGAN Aleah","19","DOM","VT",FALSE,"5.4","9.2","14.6",4.4,9.05,14.6,"14.025",NA,NA,NA,NA,NA,NA,NA,NA,NA
"FINNEGAN Aleah","19","DOM","VT",FALSE,"5.4","9.2","14.5",4.4,9.15,14.6,"14.025",NA,NA,NA,NA,NA,NA,NA,NA,NA
"JONES Shilese","19","DOM","VT",FALSE,"5.4","9.3","14.7",4.1,8.9,14.7,"13.850",NA,NA,NA,NA,NA,NA,NA,NA,NA
"JONES Shilese","19","DOM","VT",FALSE,"5.4","9.25","14.65",4.1,8.75,14.65,"13.750",NA,NA,NA,NA,NA,NA,NA,NA,NA
"BILES Simone","21","DOM","BB",FALSE,NA,NA,NA,NA,NA,NA,NA,NA,NA,NA,"6.5","8.4","14.9",NA,NA,NA
"BILES Simone","21","DOM","BB",FALSE,NA,NA,NA,NA,NA,NA,NA,NA,NA,NA,"6.3","8.05","14.35",NA,NA,NA
"LEE Sunisa","21","DOM","BB",FALSE,NA,NA,NA,NA,NA,NA,NA,NA,NA,NA,"6.4","8.3","14.7",NA,NA,NA
"LEE Sunisa","21","DOM","BB",FALSE,NA,NA,NA,NA,NA,NA,NA,NA,NA,NA,"5.6","8.3","13.9",NA,NA,NA
"MCCALLUM Grace","21","DOM","BB",FALSE,NA,NA,NA,NA,NA,NA,NA,NA,NA,NA,"5.7","8.5","14.2",NA,NA,NA
"MCCALLUM Grace","21","DOM","BB",FALSE,NA,NA,NA,NA,NA,NA,NA,NA,NA,NA,"5.7","8.5","14.2",NA,NA,NA
"CHILES Jordan","21","DOM","BB",FALSE,NA,NA,NA,NA,NA,NA,NA,NA,NA,NA,"5.8","8.25","14.05",NA,NA,NA
"CHILES Jordan","21","DOM","BB",FALSE,NA,NA,NA,NA,NA,NA,NA,NA,NA,NA,"6.1","7.85","13.95",NA,NA,NA
"EAKER Kara","21","DOM","BB",FALSE,NA,NA,NA,NA,NA,NA,NA,NA,NA,NA,"6","8.3","14.2",NA,NA,NA
"EAKER Kara","21","DOM","BB",FALSE,NA,NA,NA,NA,NA,NA,NA,NA,NA,NA,"6.2","7.6","13.7",NA,NA,NA
"MALABUYO Emma","21","DOM","BB",FALSE,NA,NA,NA,NA,NA,NA,NA,NA,NA,NA,"6.2","8.4","14.6",NA,NA,NA
"MALABUYO Emma","21","DOM","BB",FALSE,NA,NA,NA,NA,NA,NA,NA,NA,NA,NA,"6.2","6.75","12.95",NA,NA,NA
"LEE Emily","21","DOM","BB",FALSE,NA,NA,NA,NA,NA,NA,NA,NA,NA,NA,"6","7.65","13.65",NA,NA,NA
"LEE Emily","21","DOM","BB",FALSE,NA,NA,NA,NA,NA,NA,NA,NA,NA,NA,"6.1","7.75","13.85",NA,NA,NA
"BLAKELY Skye","21","DOM","BB",FALSE,NA,NA,NA,NA,NA,NA,NA,NA,NA,NA,"5.9","8.35","14.25",NA,NA,NA
"BLAKELY Skye","21","DOM","BB",FALSE,NA,NA,NA,NA,NA,NA,NA,NA,NA,NA,"5.6","7.15","12.75",NA,NA,NA
"ALIPIO Ciena","21","DOM","BB",FALSE,NA,NA,NA,NA,NA,NA,NA,NA,NA,NA,"5.5","7.45","12.95",NA,NA,NA
"ALIPIO Ciena","21","DOM","BB",FALSE,NA,NA,NA,NA,NA,NA,NA,NA,NA,NA,"5.8","7.9","13.7",NA,NA,NA
"WONG Leanne","21","DOM","BB",FALSE,NA,NA,NA,NA,NA,NA,NA,NA,NA,NA,"5.5","7.3","12.7",NA,NA,NA
"WONG Leanne","21","DOM","BB",FALSE,NA,NA,NA,NA,NA,NA,NA,NA,NA,NA,"5.7","7.95","13.65",NA,NA,NA
"CAREY Jade","21","DOM","BB",FALSE,NA,NA,NA,NA,NA,NA,NA,NA,NA,NA,"5.2","7.55","12.75",NA,NA,NA
"CAREY Jade","21","DOM","BB",FALSE,NA,NA,NA,NA,NA,NA,NA,NA,NA,NA,"5.6","7.95","13.55",NA,NA,NA
"SIEGFELDT Ava","21","DOM","BB",FALSE,NA,NA,NA,NA,NA,NA,NA,NA,NA,NA,"5.3","7.85","13.15",NA,NA,NA
"SIEGFELDT Ava","21","DOM","BB",FALSE,NA,NA,NA,NA,NA,NA,NA,NA,NA,NA,"4.7","8.1","12.8",NA,NA,NA
"MEMMEL Chellsie","21","DOM","BB",FALSE,NA,NA,NA,NA,NA,NA,NA,NA,NA,NA,"5.4","6.75","12.15",NA,NA,NA
"MEMMEL Chellsie","21","DOM","BB",FALSE,NA,NA,NA,NA,NA,NA,NA,NA,NA,NA,"5.8","7.9","13.7",NA,NA,NA
"FRAZIER eMjae","21","DOM","BB",FALSE,NA,NA,NA,NA,NA,NA,NA,NA,NA,NA,"5.2","7.5","12.7",NA,NA,NA
"FRAZIER eMjae","21","DOM","BB",FALSE,NA,NA,NA,NA,NA,NA,NA,NA,NA,NA,"5.4","7.6","13",NA,NA,NA
"DRAYTON Amari","21","DOM","BB",FALSE,NA,NA,NA,NA,NA,NA,NA,NA,NA,NA,"5.1","7.7","12.8",NA,NA,NA
"DRAYTON Amari","21","DOM","BB",FALSE,NA,NA,NA,NA,NA,NA,NA,NA,NA,NA,"5.1","7.8","12.9",NA,NA,NA
"SKINNER MyKayla","21","DOM","BB",FALSE,NA,NA,NA,NA,NA,NA,NA,NA,NA,NA,"5.4","7.65","13.05",NA,NA,NA
"SKINNER MyKayla","21","DOM","BB",FALSE,NA,NA,NA,NA,NA,NA,NA,NA,NA,NA,"5.6","6.95","12.55",NA,NA,NA
"MORGAN Kaylen","21","DOM","BB",FALSE,NA,NA,NA,NA,NA,NA,NA,NA,NA,NA,"5.8","7.7","13.5",NA,NA,NA
"MORGAN Kaylen","21","DOM","BB",FALSE,NA,NA,NA,NA,NA,NA,NA,NA,NA,NA,"5.1","6.8","11.9",NA,NA,NA
"FINNEGAN Aleah","21","DOM","BB",FALSE,NA,NA,NA,NA,NA,NA,NA,NA,NA,NA,"5.3","8.25","13.55",NA,NA,NA
"FINNEGAN Aleah","21","DOM","BB",FALSE,NA,NA,NA,NA,NA,NA,NA,NA,NA,NA,"5.4","6.3","11.7",NA,NA,NA
"DICELLO Kayla","21","DOM","BB",FALSE,NA,NA,NA,NA,NA,NA,NA,NA,NA,NA,"5.8","6.75","12.55",NA,NA,NA
"DICELLO Kayla","21","DOM","BB",FALSE,NA,NA,NA,NA,NA,NA,NA,NA,NA,NA,"5.5","7.15","12.65",NA,NA,NA
"BARROS Sydney","21","DOM","BB",FALSE,NA,NA,NA,NA,NA,NA,NA,NA,NA,NA,"5.3","6.8","12.1",NA,NA,NA
"BARROS Sydney","21","DOM","BB",FALSE,NA,NA,NA,NA,NA,NA,NA,NA,NA,NA,"5.5","7.5","13",NA,NA,NA
"FATTA Addison","21","DOM","BB",FALSE,NA,NA,NA,NA,NA,NA,NA,NA,NA,NA,"5","7.8","12.8",NA,NA,NA
"FATTA Addison","21","DOM","BB",FALSE,NA,NA,NA,NA,NA,NA,NA,NA,NA,NA,"4.8","7.25","12.05",NA,NA,NA
"MILLER Zoe","21","DOM","BB",FALSE,NA,NA,NA,NA,NA,NA,NA,NA,NA,NA,"5.8","7.25","13.05",NA,NA,NA
"MILLER Zoe","21","DOM","BB",FALSE,NA,NA,NA,NA,NA,NA,NA,NA,NA,NA,"5.5","6.25","11.75",NA,NA,NA
"ROSEN Katelyn","21","DOM","BB",FALSE,NA,NA,NA,NA,NA,NA,NA,NA,NA,NA,"5.5","6.5","12",NA,NA,NA
"ROSEN Katelyn","21","DOM","BB",FALSE,NA,NA,NA,NA,NA,NA,NA,NA,NA,NA,"5.4","7.2","12.6",NA,NA,NA
"JONES Shilese","21","DOM","BB",FALSE,NA,NA,NA,NA,NA,NA,NA,NA,NA,NA,"4.2","7.55","11.75",NA,NA,NA
"JONES Shilese","21","DOM","BB",FALSE,NA,NA,NA,NA,NA,NA,NA,NA,NA,NA,"4.9","7.55","12.45",NA,NA,NA
"GERMAN Karis","21","DOM","BB",FALSE,NA,NA,NA,NA,NA,NA,NA,NA,NA,NA,"5.2","7.15","12.35",NA,NA,NA
"GERMAN Karis","21","DOM","BB",FALSE,NA,NA,NA,NA,NA,NA,NA,NA,NA,NA,"5.4","6.05","11.45",NA,NA,NA
"HURD Morgan","21","DOM","BB",FALSE,NA,NA,NA,NA,NA,NA,NA,NA,NA,NA,"5.2","6.4","11.6",NA,NA,NA
"HURD Morgan","21","DOM","BB",FALSE,NA,NA,NA,NA,NA,NA,NA,NA,NA,NA,"5.2","5.1","10.3",NA,NA,NA
"LEE Sunisa","21","TRIAL","BB",FALSE,NA,NA,NA,NA,NA,NA,NA,NA,NA,NA,"6.4","8.333","14.733",NA,NA,NA
"LEE Sunisa","21","TRIAL","BB",FALSE,NA,NA,NA,NA,NA,NA,NA,NA,NA,NA,"6.4","8.333","14.733",NA,NA,NA
"EAKER Kara","21","TRIAL","BB",FALSE,NA,NA,NA,NA,NA,NA,NA,NA,NA,NA,"6.4","8.166","14.566",NA,NA,NA
"EAKER Kara","21","TRIAL","BB",FALSE,NA,NA,NA,NA,NA,NA,NA,NA,NA,NA,"6.3","8.1","14.4",NA,NA,NA
"BILES Simone","21","TRIAL","BB",FALSE,NA,NA,NA,NA,NA,NA,NA,NA,NA,NA,"6.5","7.2","13.7",NA,NA,NA
"BILES Simone","21","TRIAL","BB",FALSE,NA,NA,NA,NA,NA,NA,NA,NA,NA,NA,"6.8","8.333","15.133",NA,NA,NA
"CHILES Jordan","21","TRIAL","BB",FALSE,NA,NA,NA,NA,NA,NA,NA,NA,NA,NA,"5.8","8.1","13.9",NA,NA,NA
"CHILES Jordan","21","TRIAL","BB",FALSE,NA,NA,NA,NA,NA,NA,NA,NA,NA,NA,"6","8.233","14.233",NA,NA,NA
"MCCALLUM Grace","21","TRIAL","BB",FALSE,NA,NA,NA,NA,NA,NA,NA,NA,NA,NA,"5.5","8.3","13.8",NA,NA,NA
"MCCALLUM Grace","21","TRIAL","BB",FALSE,NA,NA,NA,NA,NA,NA,NA,NA,NA,NA,"5.7","8.166","13.866",NA,NA,NA
"DICELLO Kayla","21","TRIAL","BB",FALSE,NA,NA,NA,NA,NA,NA,NA,NA,NA,NA,"5.7","8.1","13.8",NA,NA,NA
"DICELLO Kayla","21","TRIAL","BB",FALSE,NA,NA,NA,NA,NA,NA,NA,NA,NA,NA,"5.7","8.066","13.766",NA,NA,NA
"SKINNER MyKayla","21","TRIAL","BB",FALSE,NA,NA,NA,NA,NA,NA,NA,NA,NA,NA,"6","7.4","13.4",NA,NA,NA
"SKINNER MyKayla","21","TRIAL","BB",FALSE,NA,NA,NA,NA,NA,NA,NA,NA,NA,NA,"6.3","7.833","14.133",NA,NA,NA
"LEE Emily","21","TRIAL","BB",FALSE,NA,NA,NA,NA,NA,NA,NA,NA,NA,NA,"6","7.566","13.566",NA,NA,NA
"LEE Emily","21","TRIAL","BB",FALSE,NA,NA,NA,NA,NA,NA,NA,NA,NA,NA,"6.1","7.733","13.833",NA,NA,NA
"MALABUYO Emma","21","TRIAL","BB",FALSE,NA,NA,NA,NA,NA,NA,NA,NA,NA,NA,"6.2","8","14.2",NA,NA,NA
"MALABUYO Emma","21","TRIAL","BB",FALSE,NA,NA,NA,NA,NA,NA,NA,NA,NA,NA,"6.2","6.8","13",NA,NA,NA
"JONES Shilese","21","TRIAL","BB",FALSE,NA,NA,NA,NA,NA,NA,NA,NA,NA,NA,"5.4","7.9","13.3",NA,NA,NA
"JONES Shilese","21","TRIAL","BB",FALSE,NA,NA,NA,NA,NA,NA,NA,NA,NA,NA,"5.5","8.033","13.533",NA,NA,NA
"CAREY Jade","21","TRIAL","BB",FALSE,NA,NA,NA,NA,NA,NA,NA,NA,NA,NA,"5.6","7.833","13.433",NA,NA,NA
"CAREY Jade","21","TRIAL","BB",FALSE,NA,NA,NA,NA,NA,NA,NA,NA,NA,NA,"5.6","7.666","13.266",NA,NA,NA
"MILLER Zoe","21","TRIAL","BB",FALSE,NA,NA,NA,NA,NA,NA,NA,NA,NA,NA,"5.6","7.533","13.133",NA,NA,NA
"MILLER Zoe","21","TRIAL","BB",FALSE,NA,NA,NA,NA,NA,NA,NA,NA,NA,NA,"5.5","7.066","12.566",NA,NA,NA
"FATTA Addison","21","TRIAL","BB",FALSE,NA,NA,NA,NA,NA,NA,NA,NA,NA,NA,"4.8","7.933","12.733",NA,NA,NA
"FATTA Addison","21","TRIAL","BB",FALSE,NA,NA,NA,NA,NA,NA,NA,NA,NA,NA,"5","7.8","12.8",NA,NA,NA
"WONG Leanne","21","TRIAL","BB",FALSE,NA,NA,NA,NA,NA,NA,NA,NA,NA,NA,"5.8","8.2","14",NA,NA,NA
"WONG Leanne","21","TRIAL","BB",FALSE,NA,NA,NA,NA,NA,NA,NA,NA,NA,NA,"5.3","6.2","11.5",NA,NA,NA
"SIEGFELDT Ava","21","TRIAL","BB",FALSE,NA,NA,NA,NA,NA,NA,NA,NA,NA,NA,"5.1","6.733","11.833",NA,NA,NA
"SIEGFELDT Ava","21","TRIAL","BB",FALSE,NA,NA,NA,NA,NA,NA,NA,NA,NA,NA,"5.3","7.866","13.166",NA,NA,NA
"DRAYTON Amari","21","TRIAL","BB",FALSE,NA,NA,NA,NA,NA,NA,NA,NA,NA,NA,"5.3","7.3","12.6",NA,NA,NA
"DRAYTON Amari","21","TRIAL","BB",FALSE,NA,NA,NA,NA,NA,NA,NA,NA,NA,NA,"5.1","7.266","12.366",NA,NA,NA
"BILES Simone","21","DOM","FX",FALSE,NA,NA,NA,NA,NA,NA,NA,NA,NA,NA,NA,NA,NA,"6.8","8.25","14.95"
"BILES Simone","21","DOM","FX",FALSE,NA,NA,NA,NA,NA,NA,NA,NA,NA,NA,NA,NA,NA,"6.8","8.35","14.65"
"DICELLO Kayla","21","DOM","FX",FALSE,NA,NA,NA,NA,NA,NA,NA,NA,NA,NA,NA,NA,NA,"5.7","8.35","14.05"
"DICELLO Kayla","21","DOM","FX",FALSE,NA,NA,NA,NA,NA,NA,NA,NA,NA,NA,NA,NA,NA,"5.7","8.35","14.05"
"WONG Leanne","21","DOM","FX",FALSE,NA,NA,NA,NA,NA,NA,NA,NA,NA,NA,NA,NA,NA,"5.8","7.8","13.6"
"WONG Leanne","21","DOM","FX",FALSE,NA,NA,NA,NA,NA,NA,NA,NA,NA,NA,NA,NA,NA,"5.7","8.5","14.2"
"CHILES Jordan","21","DOM","FX",FALSE,NA,NA,NA,NA,NA,NA,NA,NA,NA,NA,NA,NA,NA,"5.9","8.1","14"
"CHILES Jordan","21","DOM","FX",FALSE,NA,NA,NA,NA,NA,NA,NA,NA,NA,NA,NA,NA,NA,"5.9","7.95","13.55"
"LEE Sunisa","21","DOM","FX",FALSE,NA,NA,NA,NA,NA,NA,NA,NA,NA,NA,NA,NA,NA,"5.4","8.4","13.7"
"LEE Sunisa","21","DOM","FX",FALSE,NA,NA,NA,NA,NA,NA,NA,NA,NA,NA,NA,NA,NA,"5.5","8.25","13.75"
"GERMAN Karis","21","DOM","FX",FALSE,NA,NA,NA,NA,NA,NA,NA,NA,NA,NA,NA,NA,NA,"5.7","7.8","13.5"
"GERMAN Karis","21","DOM","FX",FALSE,NA,NA,NA,NA,NA,NA,NA,NA,NA,NA,NA,NA,NA,"5.7","7.9","13.6"
"MALABUYO Emma","21","DOM","FX",FALSE,NA,NA,NA,NA,NA,NA,NA,NA,NA,NA,NA,NA,NA,"5.4","8.05","13.45"
"MALABUYO Emma","21","DOM","FX",FALSE,NA,NA,NA,NA,NA,NA,NA,NA,NA,NA,NA,NA,NA,"5.5","8","13.5"
"CAREY Jade","21","DOM","FX",FALSE,NA,NA,NA,NA,NA,NA,NA,NA,NA,NA,NA,NA,NA,"5.7","7.95","13.65"
"CAREY Jade","21","DOM","FX",FALSE,NA,NA,NA,NA,NA,NA,NA,NA,NA,NA,NA,NA,NA,"5.7","7.65","13.25"
"LEE Emily","21","DOM","FX",FALSE,NA,NA,NA,NA,NA,NA,NA,NA,NA,NA,NA,NA,NA,"5.4","8.25","13.35"
"LEE Emily","21","DOM","FX",FALSE,NA,NA,NA,NA,NA,NA,NA,NA,NA,NA,NA,NA,NA,"5.4","8.05","13.45"
"SKINNER MyKayla","21","DOM","FX",FALSE,NA,NA,NA,NA,NA,NA,NA,NA,NA,NA,NA,NA,NA,"5.9","7.85","13.75"
"SKINNER MyKayla","21","DOM","FX",FALSE,NA,NA,NA,NA,NA,NA,NA,NA,NA,NA,NA,NA,NA,"5.9","7.6","13"
"BLAKELY Skye","21","DOM","FX",FALSE,NA,NA,NA,NA,NA,NA,NA,NA,NA,NA,NA,NA,NA,"5.4","7.9","13.3"
"BLAKELY Skye","21","DOM","FX",FALSE,NA,NA,NA,NA,NA,NA,NA,NA,NA,NA,NA,NA,NA,"5.4","8.15","13.45"
"EAKER Kara","21","DOM","FX",FALSE,NA,NA,NA,NA,NA,NA,NA,NA,NA,NA,NA,NA,NA,"5.8","8","13.7"
"EAKER Kara","21","DOM","FX",FALSE,NA,NA,NA,NA,NA,NA,NA,NA,NA,NA,NA,NA,NA,"5.2","7.9","13"
"FRAZIER eMjae","21","DOM","FX",FALSE,NA,NA,NA,NA,NA,NA,NA,NA,NA,NA,NA,NA,NA,"5.2","8","13.2"
"FRAZIER eMjae","21","DOM","FX",FALSE,NA,NA,NA,NA,NA,NA,NA,NA,NA,NA,NA,NA,NA,"5.2","8.15","13.35"
"FINNEGAN Aleah","21","DOM","FX",FALSE,NA,NA,NA,NA,NA,NA,NA,NA,NA,NA,NA,NA,NA,"5.3","7.4","12.6"
"FINNEGAN Aleah","21","DOM","FX",FALSE,NA,NA,NA,NA,NA,NA,NA,NA,NA,NA,NA,NA,NA,"5.3","8.2","13.5"
"FATTA Addison","21","DOM","FX",FALSE,NA,NA,NA,NA,NA,NA,NA,NA,NA,NA,NA,NA,NA,"5","8","13"
"FATTA Addison","21","DOM","FX",FALSE,NA,NA,NA,NA,NA,NA,NA,NA,NA,NA,NA,NA,NA,"5","7.9","12.9"
"MCCALLUM Grace","21","DOM","FX",FALSE,NA,NA,NA,NA,NA,NA,NA,NA,NA,NA,NA,NA,NA,"5.7","7.8","13.4"
"MCCALLUM Grace","21","DOM","FX",FALSE,NA,NA,NA,NA,NA,NA,NA,NA,NA,NA,NA,NA,NA,"5.4","7.35","12.45"
"DRAYTON Amari","21","DOM","FX",FALSE,NA,NA,NA,NA,NA,NA,NA,NA,NA,NA,NA,NA,NA,"5.1","7.75","12.75"
"DRAYTON Amari","21","DOM","FX",FALSE,NA,NA,NA,NA,NA,NA,NA,NA,NA,NA,NA,NA,NA,"5.1","7.95","13.05"
"JONES Shilese","21","DOM","FX",FALSE,NA,NA,NA,NA,NA,NA,NA,NA,NA,NA,NA,NA,NA,"5.5","8.05","13.25"
"JONES Shilese","21","DOM","FX",FALSE,NA,NA,NA,NA,NA,NA,NA,NA,NA,NA,NA,NA,NA,"5.5","7","12.5"
"MORGAN Kaylen","21","DOM","FX",FALSE,NA,NA,NA,NA,NA,NA,NA,NA,NA,NA,NA,NA,NA,"5","8","13"
"MORGAN Kaylen","21","DOM","FX",FALSE,NA,NA,NA,NA,NA,NA,NA,NA,NA,NA,NA,NA,NA,"5","7.8","12.7"
"SIEGFELDT Ava","21","DOM","FX",FALSE,NA,NA,NA,NA,NA,NA,NA,NA,NA,NA,NA,NA,NA,"5","7.75","12.75"
"SIEGFELDT Ava","21","DOM","FX",FALSE,NA,NA,NA,NA,NA,NA,NA,NA,NA,NA,NA,NA,NA,"5","7.85","12.85"
"ROSEN Katelyn","21","DOM","FX",FALSE,NA,NA,NA,NA,NA,NA,NA,NA,NA,NA,NA,NA,NA,"5","7.85","12.85"
"ROSEN Katelyn","21","DOM","FX",FALSE,NA,NA,NA,NA,NA,NA,NA,NA,NA,NA,NA,NA,NA,"4.9","7.8","12.7"
"BARROS Sydney","21","DOM","FX",FALSE,NA,NA,NA,NA,NA,NA,NA,NA,NA,NA,NA,NA,NA,"4.9","7.9","12.8"
"BARROS Sydney","21","DOM","FX",FALSE,NA,NA,NA,NA,NA,NA,NA,NA,NA,NA,NA,NA,NA,"5.6","6.85","12.45"
"HURD Morgan","21","DOM","FX",FALSE,NA,NA,NA,NA,NA,NA,NA,NA,NA,NA,NA,NA,NA,"5","7.7","12.6"
"HURD Morgan","21","DOM","FX",FALSE,NA,NA,NA,NA,NA,NA,NA,NA,NA,NA,NA,NA,NA,"5","7.7","12.6"
"MILLER Zoe","21","DOM","FX",FALSE,NA,NA,NA,NA,NA,NA,NA,NA,NA,NA,NA,NA,NA,"5","7.7","12.3"
"MILLER Zoe","21","DOM","FX",FALSE,NA,NA,NA,NA,NA,NA,NA,NA,NA,NA,NA,NA,NA,"5.3","7.6","12.8"
"ALIPIO Ciena","21","DOM","FX",FALSE,NA,NA,NA,NA,NA,NA,NA,NA,NA,NA,NA,NA,NA,"4.6","8.05","12.65"
"ALIPIO Ciena","21","DOM","FX",FALSE,NA,NA,NA,NA,NA,NA,NA,NA,NA,NA,NA,NA,NA,"4.7","7.9","12.3"
"BILES Simone","21","TRIAL","FX",FALSE,NA,NA,NA,NA,NA,NA,NA,NA,NA,NA,NA,NA,NA,"6.6","8.2","14.6"
"BILES Simone","21","TRIAL","FX",FALSE,NA,NA,NA,NA,NA,NA,NA,NA,NA,NA,NA,NA,NA,"6.8","8.566","15.366"
"WONG Leanne","21","TRIAL","FX",FALSE,NA,NA,NA,NA,NA,NA,NA,NA,NA,NA,NA,NA,NA,"5.7","8.533","14.233"
"WONG Leanne","21","TRIAL","FX",FALSE,NA,NA,NA,NA,NA,NA,NA,NA,NA,NA,NA,NA,NA,"5.7","8.233","13.933"
"CHILES Jordan","21","TRIAL","FX",FALSE,NA,NA,NA,NA,NA,NA,NA,NA,NA,NA,NA,NA,NA,"5.8","8.433","14.233"
"CHILES Jordan","21","TRIAL","FX",FALSE,NA,NA,NA,NA,NA,NA,NA,NA,NA,NA,NA,NA,NA,"5.8","7.933","13.633"
"MCCALLUM Grace","21","TRIAL","FX",FALSE,NA,NA,NA,NA,NA,NA,NA,NA,NA,NA,NA,NA,NA,"5.7","8.1","13.5"
"MCCALLUM Grace","21","TRIAL","FX",FALSE,NA,NA,NA,NA,NA,NA,NA,NA,NA,NA,NA,NA,NA,"5.7","8.466","14.166"
"DICELLO Kayla","21","TRIAL","FX",FALSE,NA,NA,NA,NA,NA,NA,NA,NA,NA,NA,NA,NA,NA,"5.7","8.1","13.5"
"DICELLO Kayla","21","TRIAL","FX",FALSE,NA,NA,NA,NA,NA,NA,NA,NA,NA,NA,NA,NA,NA,"5.7","8.266","13.966"
"EAKER Kara","21","TRIAL","FX",FALSE,NA,NA,NA,NA,NA,NA,NA,NA,NA,NA,NA,NA,NA,"5.8","8","13.7"
"EAKER Kara","21","TRIAL","FX",FALSE,NA,NA,NA,NA,NA,NA,NA,NA,NA,NA,NA,NA,NA,"5.6","8.233","13.733"
"SKINNER MyKayla","21","TRIAL","FX",FALSE,NA,NA,NA,NA,NA,NA,NA,NA,NA,NA,NA,NA,NA,"6","7.8","13.5"
"SKINNER MyKayla","21","TRIAL","FX",FALSE,NA,NA,NA,NA,NA,NA,NA,NA,NA,NA,NA,NA,NA,"5.9","7.966","13.866"
"MALABUYO Emma","21","TRIAL","FX",FALSE,NA,NA,NA,NA,NA,NA,NA,NA,NA,NA,NA,NA,NA,"5.5","8.233","13.733"
"MALABUYO Emma","21","TRIAL","FX",FALSE,NA,NA,NA,NA,NA,NA,NA,NA,NA,NA,NA,NA,NA,"5.4","8.166","13.566"
"LEE Sunisa","21","TRIAL","FX",FALSE,NA,NA,NA,NA,NA,NA,NA,NA,NA,NA,NA,NA,NA,"5.5","8.433","13.933"
"LEE Sunisa","21","TRIAL","FX",FALSE,NA,NA,NA,NA,NA,NA,NA,NA,NA,NA,NA,NA,NA,"5.1","8.133","13.233"
"JONES Shilese","21","TRIAL","FX",FALSE,NA,NA,NA,NA,NA,NA,NA,NA,NA,NA,NA,NA,NA,"5.5","8.133","13.533"
"JONES Shilese","21","TRIAL","FX",FALSE,NA,NA,NA,NA,NA,NA,NA,NA,NA,NA,NA,NA,NA,"5.3","8.1","13.4"
"FATTA Addison","21","TRIAL","FX",FALSE,NA,NA,NA,NA,NA,NA,NA,NA,NA,NA,NA,NA,NA,"4.9","8","12.6"
"FATTA Addison","21","TRIAL","FX",FALSE,NA,NA,NA,NA,NA,NA,NA,NA,NA,NA,NA,NA,NA,"5","8","13"
"DRAYTON Amari","21","TRIAL","FX",FALSE,NA,NA,NA,NA,NA,NA,NA,NA,NA,NA,NA,NA,NA,"5.1","7.366","12.066"
"DRAYTON Amari","21","TRIAL","FX",FALSE,NA,NA,NA,NA,NA,NA,NA,NA,NA,NA,NA,NA,NA,"5.2","8.1","13.3"
"MILLER Zoe","21","TRIAL","FX",FALSE,NA,NA,NA,NA,NA,NA,NA,NA,NA,NA,NA,NA,NA,"5","7.966","12.866"
"MILLER Zoe","21","TRIAL","FX",FALSE,NA,NA,NA,NA,NA,NA,NA,NA,NA,NA,NA,NA,NA,"5","7.4","12.2"
"SIEGFELDT Ava","21","TRIAL","FX",FALSE,NA,NA,NA,NA,NA,NA,NA,NA,NA,NA,NA,NA,NA,"4.9","7.566","12.366"
"SIEGFELDT Ava","21","TRIAL","FX",FALSE,NA,NA,NA,NA,NA,NA,NA,NA,NA,NA,NA,NA,NA,"4.9","7.633","12.433"
"LEE Emily","21","TRIAL","FX",FALSE,NA,NA,NA,NA,NA,NA,NA,NA,NA,NA,NA,NA,NA,"2.3","8.566","4.366"
"LEE Emily","21","TRIAL","FX",FALSE,NA,NA,NA,NA,NA,NA,NA,NA,NA,NA,NA,NA,NA,"5.4","8.333","13.733"
"LEE Sunisa","21","DOM","UE",FALSE,NA,NA,NA,NA,NA,NA,NA,"6.4","8.5","14.9",NA,NA,NA,NA,NA,NA
"LEE Sunisa","21","DOM","UE",FALSE,NA,NA,NA,NA,NA,NA,NA,"6.8","8.5","15.3",NA,NA,NA,NA,NA,NA
"MCCUSKER Riley","21","DOM","UE",FALSE,NA,NA,NA,NA,NA,NA,NA,"6.4","8.7","15.1",NA,NA,NA,NA,NA,NA
"MCCUSKER Riley","21","DOM","UE",FALSE,NA,NA,NA,NA,NA,NA,NA,"6.2","8.45","14.65",NA,NA,NA,NA,NA,NA
"BILES Simone","21","DOM","UE",FALSE,NA,NA,NA,NA,NA,NA,NA,"6.2","8.5","14.7",NA,NA,NA,NA,NA,NA
"BILES Simone","21","DOM","UE",FALSE,NA,NA,NA,NA,NA,NA,NA,"6.2","8.55","14.75",NA,NA,NA,NA,NA,NA
"CHILES Jordan","21","DOM","UE",FALSE,NA,NA,NA,NA,NA,NA,NA,"5.9","8.7","14.6",NA,NA,NA,NA,NA,NA
"CHILES Jordan","21","DOM","UE",FALSE,NA,NA,NA,NA,NA,NA,NA,"5.9","8.55","14.45",NA,NA,NA,NA,NA,NA
"JONES Shilese","21","DOM","UE",FALSE,NA,NA,NA,NA,NA,NA,NA,"5.9","8.5","14.4",NA,NA,NA,NA,NA,NA
"JONES Shilese","21","DOM","UE",FALSE,NA,NA,NA,NA,NA,NA,NA,"5.9","8.4","14.3",NA,NA,NA,NA,NA,NA
"MILLER Zoe","21","DOM","UE",FALSE,NA,NA,NA,NA,NA,NA,NA,"5.9","8","13.9",NA,NA,NA,NA,NA,NA
"MILLER Zoe","21","DOM","UE",FALSE,NA,NA,NA,NA,NA,NA,NA,"6","8.3","14.3",NA,NA,NA,NA,NA,NA
"MALABUYO Emma","21","DOM","UE",FALSE,NA,NA,NA,NA,NA,NA,NA,"5.8","8.05","13.85",NA,NA,NA,NA,NA,NA
"MALABUYO Emma","21","DOM","UE",FALSE,NA,NA,NA,NA,NA,NA,NA,"6","7.95","13.95",NA,NA,NA,NA,NA,NA
"CAREY Jade","21","DOM","UE",FALSE,NA,NA,NA,NA,NA,NA,NA,"5.5","8.1","13.6",NA,NA,NA,NA,NA,NA
"CAREY Jade","21","DOM","UE",FALSE,NA,NA,NA,NA,NA,NA,NA,"5.8","8.15","13.95",NA,NA,NA,NA,NA,NA
"SKINNER MyKayla","21","DOM","UE",FALSE,NA,NA,NA,NA,NA,NA,NA,"5.8","7.7","13.5",NA,NA,NA,NA,NA,NA
"SKINNER MyKayla","21","DOM","UE",FALSE,NA,NA,NA,NA,NA,NA,NA,"5.8","7.95","13.75",NA,NA,NA,NA,NA,NA
"FATTA Addison","21","DOM","UE",FALSE,NA,NA,NA,NA,NA,NA,NA,"5.3","8.2","13.5",NA,NA,NA,NA,NA,NA
"FATTA Addison","21","DOM","UE",FALSE,NA,NA,NA,NA,NA,NA,NA,"5.3","8.35","13.65",NA,NA,NA,NA,NA,NA
"GERMAN Karis","21","DOM","UE",FALSE,NA,NA,NA,NA,NA,NA,NA,"5.6","7.85","13.45",NA,NA,NA,NA,NA,NA
"GERMAN Karis","21","DOM","UE",FALSE,NA,NA,NA,NA,NA,NA,NA,"5.6","8","13.6",NA,NA,NA,NA,NA,NA
"SIEGFELDT Ava","21","DOM","UE",FALSE,NA,NA,NA,NA,NA,NA,NA,"5.2","8.25","13.45",NA,NA,NA,NA,NA,NA
"SIEGFELDT Ava","21","DOM","UE",FALSE,NA,NA,NA,NA,NA,NA,NA,"5.2","8.4","13.6",NA,NA,NA,NA,NA,NA
"BARROS Sydney","21","DOM","UE",FALSE,NA,NA,NA,NA,NA,NA,NA,"5.4","7.9","13.3",NA,NA,NA,NA,NA,NA
"BARROS Sydney","21","DOM","UE",FALSE,NA,NA,NA,NA,NA,NA,NA,"5.4","8.15","13.55",NA,NA,NA,NA,NA,NA
"DRAYTON Amari","21","DOM","UE",FALSE,NA,NA,NA,NA,NA,NA,NA,"5.4","7.95","13.35",NA,NA,NA,NA,NA,NA
"DRAYTON Amari","21","DOM","UE",FALSE,NA,NA,NA,NA,NA,NA,NA,"5.4","8","13.4",NA,NA,NA,NA,NA,NA
"WONG Leanne","21","DOM","UE",FALSE,NA,NA,NA,NA,NA,NA,NA,"5.4","8.6","14",NA,NA,NA,NA,NA,NA
"WONG Leanne","21","DOM","UE",FALSE,NA,NA,NA,NA,NA,NA,NA,"5.2","7.5","12.7",NA,NA,NA,NA,NA,NA
"EAKER Kara","21","DOM","UE",FALSE,NA,NA,NA,NA,NA,NA,NA,"5.3","7.4","12.7",NA,NA,NA,NA,NA,NA
"EAKER Kara","21","DOM","UE",FALSE,NA,NA,NA,NA,NA,NA,NA,"5.5","8.4","13.9",NA,NA,NA,NA,NA,NA
"BLAKELY Skye","21","DOM","UE",FALSE,NA,NA,NA,NA,NA,NA,NA,"5.6","8","13.6",NA,NA,NA,NA,NA,NA
"BLAKELY Skye","21","DOM","UE",FALSE,NA,NA,NA,NA,NA,NA,NA,"5.6","7.35","12.95",NA,NA,NA,NA,NA,NA
"DICELLO Kayla","21","DOM","UE",FALSE,NA,NA,NA,NA,NA,NA,NA,"5.9","7.65","13.55",NA,NA,NA,NA,NA,NA
"DICELLO Kayla","21","DOM","UE",FALSE,NA,NA,NA,NA,NA,NA,NA,"5.8","7.1","12.9",NA,NA,NA,NA,NA,NA
"MCCALLUM Grace","21","DOM","UE",FALSE,NA,NA,NA,NA,NA,NA,NA,"5.6","7.55","13.15",NA,NA,NA,NA,NA,NA
"MCCALLUM Grace","21","DOM","UE",FALSE,NA,NA,NA,NA,NA,NA,NA,"5.5","7.55","13.05",NA,NA,NA,NA,NA,NA
"MORGAN Kaylen","21","DOM","UE",FALSE,NA,NA,NA,NA,NA,NA,NA,"5.1","7.95","13.05",NA,NA,NA,NA,NA,NA
"MORGAN Kaylen","21","DOM","UE",FALSE,NA,NA,NA,NA,NA,NA,NA,"5.1","8","13.1",NA,NA,NA,NA,NA,NA
"ALIPIO Ciena","21","DOM","UE",FALSE,NA,NA,NA,NA,NA,NA,NA,"5.1","8.25","13.35",NA,NA,NA,NA,NA,NA
"ALIPIO Ciena","21","DOM","UE",FALSE,NA,NA,NA,NA,NA,NA,NA,"5.1","7","12.1",NA,NA,NA,NA,NA,NA
"LEE Emily","21","DOM","UE",FALSE,NA,NA,NA,NA,NA,NA,NA,"5.3","7.75","13.05",NA,NA,NA,NA,NA,NA
"LEE Emily","21","DOM","UE",FALSE,NA,NA,NA,NA,NA,NA,NA,"5.3","6.85","12.15",NA,NA,NA,NA,NA,NA
"FINNEGAN Aleah","21","DOM","UE",FALSE,NA,NA,NA,NA,NA,NA,NA,"5.4","7.95","13.35",NA,NA,NA,NA,NA,NA
"FINNEGAN Aleah","21","DOM","UE",FALSE,NA,NA,NA,NA,NA,NA,NA,"5.3","6.4","11.7",NA,NA,NA,NA,NA,NA
"FRAZIER eMjae","21","DOM","UE",FALSE,NA,NA,NA,NA,NA,NA,NA,"5.4","6.5","11.9",NA,NA,NA,NA,NA,NA
"FRAZIER eMjae","21","DOM","UE",FALSE,NA,NA,NA,NA,NA,NA,NA,"5.2","7.35","12.55",NA,NA,NA,NA,NA,NA
"SALTNESS Lyden","21","DOM","UE",FALSE,NA,NA,NA,NA,NA,NA,NA,"4.3","6.5","10.8",NA,NA,NA,NA,NA,NA
"SALTNESS Lyden","21","DOM","UE",FALSE,NA,NA,NA,NA,NA,NA,NA,"4.9","7.2","12.1",NA,NA,NA,NA,NA,NA
"MEMMEL Chellsie","21","DOM","UE",FALSE,NA,NA,NA,NA,NA,NA,NA,"1","7.75","3.95",NA,NA,NA,NA,NA,NA
"MEMMEL Chellsie","21","DOM","UE",FALSE,NA,NA,NA,NA,NA,NA,NA,"5","6.95","11.65",NA,NA,NA,NA,NA,NA
"LEE Sunisa","21","TRIAL","UE",FALSE,NA,NA,NA,NA,NA,NA,NA,"6.5","8.4","14.9",NA,NA,NA,NA,NA,NA
"LEE Sunisa","21","TRIAL","UE",FALSE,NA,NA,NA,NA,NA,NA,NA,"6.8","8.5","15.3",NA,NA,NA,NA,NA,NA
"CHILES Jordan","21","TRIAL","UE",FALSE,NA,NA,NA,NA,NA,NA,NA,"5.9","8.533","14.433",NA,NA,NA,NA,NA,NA
"CHILES Jordan","21","TRIAL","UE",FALSE,NA,NA,NA,NA,NA,NA,NA,"5.9","8.4","14.3",NA,NA,NA,NA,NA,NA
"BILES Simone","21","TRIAL","UE",FALSE,NA,NA,NA,NA,NA,NA,NA,"6.1","7.733","13.833",NA,NA,NA,NA,NA,NA
"BILES Simone","21","TRIAL","UE",FALSE,NA,NA,NA,NA,NA,NA,NA,"6.2","8.4","14.6",NA,NA,NA,NA,NA,NA
"MCCUSKER Riley","21","TRIAL","UE",FALSE,NA,NA,NA,NA,NA,NA,NA,"6.4","7.166","13.566",NA,NA,NA,NA,NA,NA
"MCCUSKER Riley","21","TRIAL","UE",FALSE,NA,NA,NA,NA,NA,NA,NA,"6.4","8.4","14.8",NA,NA,NA,NA,NA,NA
"MCCALLUM Grace","21","TRIAL","UE",FALSE,NA,NA,NA,NA,NA,NA,NA,"5.8","8.2","14",NA,NA,NA,NA,NA,NA
"MCCALLUM Grace","21","TRIAL","UE",FALSE,NA,NA,NA,NA,NA,NA,NA,"5.8","8.033","13.833",NA,NA,NA,NA,NA,NA
"WONG Leanne","21","TRIAL","UE",FALSE,NA,NA,NA,NA,NA,NA,NA,"5.5","8.3","13.8",NA,NA,NA,NA,NA,NA
"WONG Leanne","21","TRIAL","UE",FALSE,NA,NA,NA,NA,NA,NA,NA,"5.5","8.166","13.666",NA,NA,NA,NA,NA,NA
"MILLER Zoe","21","TRIAL","UE",FALSE,NA,NA,NA,NA,NA,NA,NA,"5.8","7.833","13.633",NA,NA,NA,NA,NA,NA
"MILLER Zoe","21","TRIAL","UE",FALSE,NA,NA,NA,NA,NA,NA,NA,"5.9","7.866","13.766",NA,NA,NA,NA,NA,NA
"MALABUYO Emma","21","TRIAL","UE",FALSE,NA,NA,NA,NA,NA,NA,NA,"5.6","7.833","13.433",NA,NA,NA,NA,NA,NA
"MALABUYO Emma","21","TRIAL","UE",FALSE,NA,NA,NA,NA,NA,NA,NA,"5.8","8.1","13.9",NA,NA,NA,NA,NA,NA
"SKINNER MyKayla","21","TRIAL","UE",FALSE,NA,NA,NA,NA,NA,NA,NA,"5.8","7.7","13.5",NA,NA,NA,NA,NA,NA
"SKINNER MyKayla","21","TRIAL","UE",FALSE,NA,NA,NA,NA,NA,NA,NA,"5.8","7.666","13.466",NA,NA,NA,NA,NA,NA
"DICELLO Kayla","21","TRIAL","UE",FALSE,NA,NA,NA,NA,NA,NA,NA,"5.8","7","12.8",NA,NA,NA,NA,NA,NA
"DICELLO Kayla","21","TRIAL","UE",FALSE,NA,NA,NA,NA,NA,NA,NA,"5.8","8.166","13.966",NA,NA,NA,NA,NA,NA
"EAKER Kara","21","TRIAL","UE",FALSE,NA,NA,NA,NA,NA,NA,NA,"5.5","7.733","13.233",NA,NA,NA,NA,NA,NA
"EAKER Kara","21","TRIAL","UE",FALSE,NA,NA,NA,NA,NA,NA,NA,"5.4","8.066","13.466",NA,NA,NA,NA,NA,NA
"DRAYTON Amari","21","TRIAL","UE",FALSE,NA,NA,NA,NA,NA,NA,NA,"5.4","8.166","13.566",NA,NA,NA,NA,NA,NA
"DRAYTON Amari","21","TRIAL","UE",FALSE,NA,NA,NA,NA,NA,NA,NA,"5.3","7.8","13.1",NA,NA,NA,NA,NA,NA
"FATTA Addison","21","TRIAL","UE",FALSE,NA,NA,NA,NA,NA,NA,NA,"5.3","8.1","13.4",NA,NA,NA,NA,NA,NA
"FATTA Addison","21","TRIAL","UE",FALSE,NA,NA,NA,NA,NA,NA,NA,"5.3","7.933","13.233",NA,NA,NA,NA,NA,NA
"JONES Shilese","21","TRIAL","UE",FALSE,NA,NA,NA,NA,NA,NA,NA,"5.3","7.6","12.9",NA,NA,NA,NA,NA,NA
"JONES Shilese","21","TRIAL","UE",FALSE,NA,NA,NA,NA,NA,NA,NA,"5.7","7.466","13.166",NA,NA,NA,NA,NA,NA
"SIEGFELDT Ava","21","TRIAL","UE",FALSE,NA,NA,NA,NA,NA,NA,NA,"5.2","8.266","13.466",NA,NA,NA,NA,NA,NA
"SIEGFELDT Ava","21","TRIAL","UE",FALSE,NA,NA,NA,NA,NA,NA,NA,"5.1","6.966","12.066",NA,NA,NA,NA,NA,NA
"CAREY Jade","21","TRIAL","UE",FALSE,NA,NA,NA,NA,NA,NA,NA,"5.8","7.933","13.733",NA,NA,NA,NA,NA,NA
"CAREY Jade","21","TRIAL","UE",FALSE,NA,NA,NA,NA,NA,NA,NA,"4.6","6.7","11.3",NA,NA,NA,NA,NA,NA
"LEE Emily","21","TRIAL","UE",FALSE,NA,NA,NA,NA,NA,NA,NA,"5.2","7.7","12.9",NA,NA,NA,NA,NA,NA
"LEE Emily","21","TRIAL","UE",FALSE,NA,NA,NA,NA,NA,NA,NA,"4.7","6.733","11.433",NA,NA,NA,NA,NA,NA
"BILES Simone","21","DOM","VT",FALSE,"6","9.55","15.55",5.8,9.6,15.55,"15.475",NA,NA,NA,NA,NA,NA,NA,NA,NA
"BILES Simone","21","DOM","VT",FALSE,"6","9.8","15.8",5.8,9.5,15.8,"15.550",NA,NA,NA,NA,NA,NA,NA,NA,NA
"SKINNER MyKayla","21","DOM","VT",FALSE,"6","9","15",5.8,9.3,15,"15.050",NA,NA,NA,NA,NA,NA,NA,NA,NA
"SKINNER MyKayla","21","DOM","VT",FALSE,"6","8.9","14.9",5.8,9.25,14.9,"14.975",NA,NA,NA,NA,NA,NA,NA,NA,NA
"CHILES Jordan","21","DOM","VT",FALSE,"5.4","9.5","14.9",4.8,9.6,14.9,"14.650",NA,NA,NA,NA,NA,NA,NA,NA,NA
"CHILES Jordan","21","DOM","VT",FALSE,"5.4","9.55","14.95",4.8,9.45,14.95,"14.600",NA,NA,NA,NA,NA,NA,NA,NA,NA
"CAREY Jade","21","DOM","VT",FALSE,"5.4","9.15","14.55",5.2,8.9,14.55,"14.325",NA,NA,NA,NA,NA,NA,NA,NA,NA
"CAREY Jade","21","DOM","VT",FALSE,"5.4","9.3","14.7",5.2,9,14.7,"14.450",NA,NA,NA,NA,NA,NA,NA,NA,NA
"BILES Simone","21","TRIAL","VT",FALSE,"6","9.4","15.4",5.8,9.566,15.4,"15.383",NA,NA,NA,NA,NA,NA,NA,NA,NA
"BILES Simone","21","TRIAL","VT",FALSE,"6","9.466","15.466",5.8,9.666,15.466,"15.466",NA,NA,NA,NA,NA,NA,NA,NA,NA
"SKINNER MyKayla","21","TRIAL","VT",FALSE,"6","9.266","15.266",5.8,9.4,15.266,"15.233",NA,NA,NA,NA,NA,NA,NA,NA,NA
"SKINNER MyKayla","21","TRIAL","VT",FALSE,"5.8","9.333","15.133",6,9.233,15.133,"15.183",NA,NA,NA,NA,NA,NA,NA,NA,NA
"JONES Shilese","21","TRIAL","VT",FALSE,"5.4","9.5","14.9",4.1,9.133,14.9,"14.066",NA,NA,NA,NA,NA,NA,NA,NA,NA
"JONES Shilese","21","TRIAL","VT",FALSE,"5.4","9.5","14.9",4.1,8.933,14.9,"13.966",NA,NA,NA,NA,NA,NA,NA,NA,NA
"BILES Simone","18","DOM","AA",FALSE,"6","9.6","15.6",NA,NA,NA,NA,"6.2","8.65","14.85","6.5","8.7","15.2","6.7","8.35","14.45"
"BILES Simone","18","DOM","AA",FALSE,"6","9.6","15.6",NA,NA,NA,NA,"6.2","8.35","14.55","6.5","8.4","14.9","6.6","8.2","14.7"
"HURD Morgan","18","DOM","AA",FALSE,"5.4","9","14.4",NA,NA,NA,NA,"6.1","8.55","14.65","5.6","8.5","14.1","5.6","8.25","13.85"
"HURD Morgan","18","DOM","AA",FALSE,"5.4","9","14.4",NA,NA,NA,NA,"6.1","8.4","14.5","5.4","8.15","13.55","5.5","8.35","13.85"
"MCCUSKER Riley","18","DOM","AA",FALSE,"5.4","8.7","14.1",NA,NA,NA,NA,"5.9","8.6","14.5","5.8","8.35","14.15","5.4","8.2","13.3"
"MCCUSKER Riley","18","DOM","AA",FALSE,"5.4","8.8","14.1",NA,NA,NA,NA,"6","8.8","14.8","5.7","8.65","14.35","5.3","8.15","13.45"
"MCCALLUM Grace","18","DOM","AA",FALSE,"5.4","9","14.4",NA,NA,NA,NA,"5.6","8.3","13.9","5.4","8.4","13.8","5.6","8.2","13.8"
"MCCALLUM Grace","18","DOM","AA",FALSE,"5.4","9.2","14.6",NA,NA,NA,NA,"5.7","7.95","13.65","5.5","8.2","13.7","5.6","8.2","13.8"
"JONES Shilese","18","DOM","AA",FALSE,"5.4","9.3","14.7",NA,NA,NA,NA,"5.3","8.65","13.95","5.4","7.9","13.3","5.3","8.05","13.35"
"JONES Shilese","18","DOM","AA",FALSE,"5.4","8.95","14.35",NA,NA,NA,NA,"5.3","8.3","13.6","5.3","7.9","13.2","5.5","7.9","13.4"
"CAREY Jade","18","DOM","AA",FALSE,"5.4","9.15","14.55",NA,NA,NA,NA,"4.9","7.65","12.55","5.7","8.05","13.75","6.3","7.9","14.1"
"CAREY Jade","18","DOM","AA",FALSE,"5.4","9.25","14.65",NA,NA,NA,NA,"5","7.95","12.95","5.3","7.65","12.95","6.3","7.9","14.2"
"EAKER Kara","18","DOM","AA",FALSE,"4.8","8.9","13.7",NA,NA,NA,NA,"5.4","8.1","13.5","6.4","7.8","14.2","5.3","8.1","13.4"
"EAKER Kara","18","DOM","AA",FALSE,"4.8","8.5","13.3",NA,NA,NA,NA,"5.4","8.15","13.55","6.3","8.15","14.45","5.3","8.25","13.55"
"THOMAS Trinity","18","DOM","AA",FALSE,"4.8","9.2","14",NA,NA,NA,NA,"5.7","8.7","14.4","5.1","8.65","13.75","5.9","7.55","13.35"
"THOMAS Trinity","18","DOM","AA",FALSE,"4.8","9.1","13.9",NA,NA,NA,NA,"5.3","8.2","13.5","5","8.25","13.25","5.7","8.05","13.45"
"SHCHENNIKOVA Alyona","18","DOM","AA",FALSE,"5.4","8.6","14",NA,NA,NA,NA,"6","7.45","13.45","5.5","7.9","13.3","5.5","7.5","13"
"SHCHENNIKOVA Alyona","18","DOM","AA",FALSE,"5.4","8.65","14.05",NA,NA,NA,NA,"6.2","8.1","14.3","5.5","7.65","13.05","5.4","7.55","12.95"
"SMITH Ragan","18","DOM","AA",FALSE,"5.4","8.8","14.2",NA,NA,NA,NA,"5.9","7.45","13.35","5.5","7.6","13.1","5.5","7.7","13.1"
"SMITH Ragan","18","DOM","AA",FALSE,"5.4","8.65","14.05",NA,NA,NA,NA,"5.9","7.25","13.15","5.5","8.15","13.65","5.3","7.3","12.6"
"CHILES Jordan","18","DOM","AA",FALSE,"5.8","9.2","15",NA,NA,NA,NA,"5.5","7.55","13.05","5.5","8.05","13.55","5.5","6.7","12"
"CHILES Jordan","18","DOM","AA",FALSE,"5.5","9.3","14.8",NA,NA,NA,NA,"5.5","8.35","13.85","5.2","6.9","12.1","5.5","7","12.5"
"ADAMS Shania","18","DOM","AA",FALSE,"4.4","9.1","13.5",NA,NA,NA,NA,"5.1","8.6","13.7","5.2","8.35","13.55","5.2","7.9","13"
"ADAMS Shania","18","DOM","AA",FALSE,"4.4","9","13.4",NA,NA,NA,NA,"5.1","8.7","13.8","5.2","8.1","13.3","4.8","7.15","11.65"
"FRAZIER Margzetta","18","DOM","AA",FALSE,"5.4","8.6","13.9",NA,NA,NA,NA,"5.7","7.15","12.55","5.2","7.9","13.1","5.2","7.6","12.8"
"FRAZIER Margzetta","18","DOM","AA",FALSE,"5.4","8.75","14.15",NA,NA,NA,NA,"5.9","8.05","13.95","5.1","7.15","12.15","5.3","7.75","13.05"
"DAVIS Audrey","18","DOM","AA",FALSE,"5.4","8.7","14.1",NA,NA,NA,NA,"5.6","6.15","11.75","5.4","7.65","12.95","5","7.5","12.5"
"DAVIS Audrey","18","DOM","AA",FALSE,"5.4","8.6","14",NA,NA,NA,NA,"5.6","8.2","13.8","5.4","7.7","13.1","4.7","7.65","12.35"
"JOHNSTON Maddie","18","DOM","AA",FALSE,"4.8","8.75","13.55",NA,NA,NA,NA,"4.5","7.1","11.6","4.9","7.3","12.2","5.2","7.7","12.9"
"JOHNSTON Maddie","18","DOM","AA",FALSE,"4.8","8.65","13.45",NA,NA,NA,NA,"5.1","7.75","12.85","5","8.05","13.05","5.1","7.55","12.65"
"BLAKELY Sloane","18","DOM","AA",FALSE,"4.4","9","13.4",NA,NA,NA,NA,"3.9","8.75","12.65","5.4","7.2","12.6","5.2","6.85","12.05"
"BLAKELY Sloane","18","DOM","AA",FALSE,"4.4","9.1","13.5",NA,NA,NA,NA,"3.9","7","10.9","5.6","8.2","13.8","5.1","7.7","12.8"
"BLANCO Luisa","18","DOM","AA",FALSE,"4.4","8.8","13.2",NA,NA,NA,NA,"4","7.4","11.4","4.7","7.85","12.55","4.9","7.55","12.45"
"BLANCO Luisa","18","DOM","AA",FALSE,"4.4","8.95","13.35",NA,NA,NA,NA,"4.8","7.3","12.1","5.2","7.8","13","4.9","8.05","12.95"
"DUNNE Olivia","18","DOM","AA",FALSE,"4.4","8.7","13.1",NA,NA,NA,NA,"4.9","6.3","11.2","5","7.05","11.95","4.7","7.35","12.05"
"DUNNE Olivia","18","DOM","AA",FALSE,"4.4","8.7","13.1",NA,NA,NA,NA,"5.2","7.2","12.4","4.9","7.45","12.35","5","7.6","12.6"
"GILSTRAP Jaylene","18","DOM","AA",FALSE,"4.8","8.65","13.45",NA,NA,NA,NA,NA,NA,NA,"4.9","7.75","12.65","5.1","7.55","12.65"
"GILSTRAP Jaylene","18","DOM","AA",FALSE,"4.8","8.7","13.5",NA,NA,NA,NA,NA,NA,NA,"4.8","8.2","13","5.1","7.75","12.85"
"SOZA Deanne","18","DOM","AA",FALSE,"4.4","8.6","13",NA,NA,NA,NA,"5.2","8.4","13.6",NA,NA,NA,"5","7.55","12.55"
"SOZA Deanne","18","DOM","AA",FALSE,"4.4","8.85","13.25",NA,NA,NA,NA,"5.2","7.25","12.45",NA,NA,NA,"4.7","7.5","12.2"
"KENLIN Adeline","18","DOM","AA",FALSE,NA,NA,NA,NA,NA,NA,NA,NA,NA,NA,"5.5","7.9","13.4","5.1","7.6","12.7"
"KENLIN Adeline","18","DOM","AA",FALSE,NA,NA,NA,NA,NA,NA,NA,NA,NA,NA,"5.4","6.85","12.25","5.1","7","12.1"
"BILES Simone","19","DOM","AA",FALSE,"6","9.3","15.3",NA,NA,NA,NA,"6.1","7.95","14.05","6.6","8.35","14.95","6.7","7.65","14.35"
"BILES Simone","19","DOM","AA",FALSE,"6","9.3","15.3",NA,NA,NA,NA,"6.3","8.45","14.75","6.2","8.5","14.7","6.7","8.4","15.1"
"LEE Sunisa","19","DOM","AA",FALSE,"5.4","8.45","13.85",NA,NA,NA,NA,"6.3","8.45","14.75","6.2","8.15","14.35","5.7","8.25","13.95"
"LEE Sunisa","19","DOM","AA",FALSE,"5.4","8.45","13.75",NA,NA,NA,NA,"6.4","8.65","15.05","5.8","8.05","13.85","5.7","8.3","14"
"MCCALLUM Grace","19","DOM","AA",FALSE,"5.4","9.3","14.7",NA,NA,NA,NA,"5.9","7.6","13.5","5.5","7.55","13.05","5.7","7.95","13.65"
"MCCALLUM Grace","19","DOM","AA",FALSE,"5.4","9.15","14.55",NA,NA,NA,NA,"5.9","8.05","13.95","5.9","8.55","14.45","5.7","8.3","14"
"HURD Morgan","19","DOM","AA",FALSE,"5.4","9.05","14.45",NA,NA,NA,NA,"5.9","8.5","14.4","5.7","8.45","14.15","5.1","6.95","12.05"
"HURD Morgan","19","DOM","AA",FALSE,"5.4","8.95","14.35",NA,NA,NA,NA,"6","8.6","14.6","5.7","8.25","13.95","5.3","8.45","13.75"
"WONG Leanne","19","DOM","AA",FALSE,"5.4","9.3","14.7",NA,NA,NA,NA,"5.9","8.15","14.05","5.8","8.15","13.95","4.8","7.9","12.7"
"WONG Leanne","19","DOM","AA",FALSE,"5.4","9.35","14.75",NA,NA,NA,NA,"5.9","7.9","13.8","6","8.55","14.55","5.3","7.55","12.75"
"CHILES Jordan","19","DOM","AA",FALSE,"5.4","9.35","14.75",NA,NA,NA,NA,"5.3","8.25","13.55","5.2","8.1","13.3","5.3","8.45","13.75"
"CHILES Jordan","19","DOM","AA",FALSE,"5.4","9.35","14.75",NA,NA,NA,NA,"5.4","8.45","13.85","5.3","8.3","13.6","5.3","8","13.3"
"CAREY Jade","19","DOM","AA",FALSE,"6","9","15",NA,NA,NA,NA,"5.2","8.1","13.3","5.6","7.9","13.5","6.3","8","14.3"
"CAREY Jade","19","DOM","AA",FALSE,"6","9","15",NA,NA,NA,NA,"5.1","6.55","11.65","5.4","7.8","13.1","6.3","7.9","14.1"
"SKINNER MyKayla","19","DOM","AA",FALSE,"5.8","8.95","14.65",NA,NA,NA,NA,"5.6","7.4","13","5.6","7.95","13.55","5.7","8","13.7"
"SKINNER MyKayla","19","DOM","AA",FALSE,"5.8","8.8","14.6",NA,NA,NA,NA,"5.8","7.55","13.35","5.7","7.2","12.9","5.8","8.05","13.85"
"THOMAS Trinity","19","DOM","AA",FALSE,"4.8","9.25","14.05",NA,NA,NA,NA,"5.6","8.6","14.2","5.5","7.9","13.4","5.5","8.25","13.75"
"THOMAS Trinity","19","DOM","AA",FALSE,"4.8","9.1","13.9",NA,NA,NA,NA,"5.5","8.75","14.25","5.4","8.25","13.65","5.6","6.25","11.55"
"EAKER Kara","19","DOM","AA",FALSE,"4.8","8.85","13.65",NA,NA,NA,NA,"5.5","8.1","13.6","6.6","7.15","13.75","5.4","8.25","13.65"
"EAKER Kara","19","DOM","AA",FALSE,"4.8","9.05","13.85",NA,NA,NA,NA,"4.6","7.3","11.9","6.6","8.3","14.9","5.3","7.8","12.8"
"LEE Emily","19","DOM","AA",FALSE,"5.4","8.85","14.15",NA,NA,NA,NA,"5.3","7.35","12.65","5.8","8.35","14.15","5.4","8.25","13.55"
"LEE Emily","19","DOM","AA",FALSE,"5.4","9","14.4",NA,NA,NA,NA,"5.1","7.05","12.15","5.9","8","13.9","5.3","7.8","13"
"JONES Shilese","19","DOM","AA",FALSE,"5.4","9.25","14.65",NA,NA,NA,NA,"5.6","7.25","12.85","5.7","7.75","13.45","5","7.85","12.85"
"JONES Shilese","19","DOM","AA",FALSE,"5.4","9.3","14.7",NA,NA,NA,NA,"5.4","6.6","12","5.7","7.85","13.55","5.4","8.25","13.65"
"FINNEGAN Aleah","19","DOM","AA",FALSE,"5.4","9.2","14.5",NA,NA,NA,NA,"4.9","7.1","12","5","8.2","13.2","5.4","8.15","13.55"
"FINNEGAN Aleah","19","DOM","AA",FALSE,"5.4","9.2","14.6",NA,NA,NA,NA,"5","7.9","12.9","5","8.2","13.2","5.5","8.15","13.65"
"TORREZ Faith","19","DOM","AA",FALSE,"5.4","9.2","14.6",NA,NA,NA,NA,"5.2","6.3","11.5","5.8","8.25","14.05","5.2","7.8","13"
"TORREZ Faith","19","DOM","AA",FALSE,"5.4","9.1","14.5",NA,NA,NA,NA,"5.3","7.45","12.75","5.9","8","13.9","5.4","8","13.1"
"PEREA Gabby","19","DOM","AA",FALSE,"4.4","8.75","13.15",NA,NA,NA,NA,"5.7","7.3","13","5.4","7.4","12.8","5.3","8.15","13.45"
"PEREA Gabby","19","DOM","AA",FALSE,"4.4","8.75","13.15",NA,NA,NA,NA,"5.7","7.3","13","5.5","7.65","13.15","5","7.7","12.6"
"MCCUSKER Riley","19","DOM","AA",FALSE,"5.4","9.05","14.45",NA,NA,NA,NA,"6","7.5","13.5","6","8.5","14.5","5.3","8.05","13.25"
"MCCUSKER Riley","19","DOM","AA",FALSE,"5.4","9.25","14.65",NA,NA,NA,NA,"5.8","8.1","13.9","0","0","0","0","0","0"
"BLAKELY Sloane","19","DOM","AA",FALSE,"4.8","9.1","13.9",NA,NA,NA,NA,NA,NA,NA,"5.6","7.8","13.4","5.2","7.65","12.65"
"BLAKELY Sloane","19","DOM","AA",FALSE,"4.8","8.9","13.7",NA,NA,NA,NA,NA,NA,NA,"5.8","8.15","13.95","5","7.65","12.55"
"BILES Simone","21","DOM","AA",FALSE,"6","9.8","15.8",NA,NA,NA,NA,"6.2","8.55","14.75","6.3","8.05","14.35","6.8","8.35","14.65"
"BILES Simone","21","DOM","AA",FALSE,"6","9.55","15.55",NA,NA,NA,NA,"6.2","8.5","14.7","6.5","8.4","14.9","6.8","8.25","14.95"
"LEE Sunisa","21","DOM","AA",FALSE,"5.4","9","14.4",NA,NA,NA,NA,"6.8","8.5","15.3","5.6","8.3","13.9","5.5","8.25","13.75"
"LEE Sunisa","21","DOM","AA",FALSE,"5.4","8.9","14.3",NA,NA,NA,NA,"6.4","8.5","14.9","6.4","8.3","14.7","5.4","8.4","13.7"
"CHILES Jordan","21","DOM","AA",FALSE,"5.4","9.55","14.95",NA,NA,NA,NA,"5.9","8.55","14.45","6.1","7.85","13.95","5.9","7.95","13.55"
"CHILES Jordan","21","DOM","AA",FALSE,"5.4","9.5","14.9",NA,NA,NA,NA,"5.9","8.7","14.6","5.8","8.25","14.05","5.9","8.1","14"
"MALABUYO Emma","21","DOM","AA",FALSE,"5.4","8.65","14.05",NA,NA,NA,NA,"6","7.95","13.95","6.2","6.75","12.95","5.5","8","13.5"
"MALABUYO Emma","21","DOM","AA",FALSE,"5.4","8.7","14.1",NA,NA,NA,NA,"5.8","8.05","13.85","6.2","8.4","14.6","5.4","8.05","13.45"
"WONG Leanne","21","DOM","AA",FALSE,"5.4","9.35","14.75",NA,NA,NA,NA,"5.2","7.5","12.7","5.7","7.95","13.65","5.7","8.5","14.2"
"WONG Leanne","21","DOM","AA",FALSE,"5.4","9.15","14.55",NA,NA,NA,NA,"5.4","8.6","14","5.5","7.3","12.7","5.8","7.8","13.6"
"CAREY Jade","21","DOM","AA",FALSE,"5.4","9.3","14.7",NA,NA,NA,NA,"5.8","8.15","13.95","5.6","7.95","13.55","5.7","7.65","13.25"
"CAREY Jade","21","DOM","AA",FALSE,"5.4","9.15","14.55",NA,NA,NA,NA,"5.5","8.1","13.6","5.2","7.55","12.75","5.7","7.95","13.65"
"MCCALLUM Grace","21","DOM","AA",FALSE,"5.4","9.2","14.6",NA,NA,NA,NA,"5.5","7.55","13.05","5.7","8.5","14.2","5.4","7.35","12.45"
"MCCALLUM Grace","21","DOM","AA",FALSE,"5.4","9.1","14.5",NA,NA,NA,NA,"5.6","7.55","13.15","5.7","8.5","14.2","5.7","7.8","13.4"
"BLAKELY Skye","21","DOM","AA",FALSE,"5.4","9.3","14.7",NA,NA,NA,NA,"5.6","7.35","12.95","5.6","7.15","12.75","5.4","8.15","13.45"
"BLAKELY Skye","21","DOM","AA",FALSE,"5.4","9.15","14.55",NA,NA,NA,NA,"5.6","8","13.6","5.9","8.35","14.25","5.4","7.9","13.3"
"SKINNER MyKayla","21","DOM","AA",FALSE,"6","8.9","14.9",NA,NA,NA,NA,"5.8","7.95","13.75","5.6","6.95","12.55","5.9","7.6","13"
"SKINNER MyKayla","21","DOM","AA",FALSE,"6","9","15",NA,NA,NA,NA,"5.8","7.7","13.5","5.4","7.65","13.05","5.9","7.85","13.75"
"EAKER Kara","21","DOM","AA",FALSE,"5","8.95","13.95",NA,NA,NA,NA,"5.5","8.4","13.9","6.2","7.6","13.7","5.2","7.9","13"
"EAKER Kara","21","DOM","AA",FALSE,"5","8.9","13.9",NA,NA,NA,NA,"5.3","7.4","12.7","6","8.3","14.2","5.8","8","13.7"
"DICELLO Kayla","21","DOM","AA",FALSE,"5.4","9.25","14.65",NA,NA,NA,NA,"5.8","7.1","12.9","5.5","7.15","12.65","5.7","8.35","14.05"
"DICELLO Kayla","21","DOM","AA",FALSE,"5.4","9","14.4",NA,NA,NA,NA,"5.9","7.65","13.55","5.8","6.75","12.55","5.7","8.35","14.05"
"JONES Shilese","21","DOM","AA",FALSE,"5.4","9.45","14.85",NA,NA,NA,NA,"5.9","8.4","14.3","4.9","7.55","12.45","5.5","7","12.5"
"JONES Shilese","21","DOM","AA",FALSE,"5.4","9.6","15",NA,NA,NA,NA,"5.9","8.5","14.4","4.2","7.55","11.75","5.5","8.05","13.25"
"LEE Emily","21","DOM","AA",FALSE,"5.4","8.85","14.25",NA,NA,NA,NA,"5.3","6.85","12.15","6.1","7.75","13.85","5.4","8.05","13.45"
"LEE Emily","21","DOM","AA",FALSE,"5.4","9.1","14.5",NA,NA,NA,NA,"5.3","7.75","13.05","6","7.65","13.65","5.4","8.25","13.35"
"DRAYTON Amari","21","DOM","AA",FALSE,"5.4","8.95","14.35",NA,NA,NA,NA,"5.4","8","13.4","5.1","7.8","12.9","5.1","7.95","13.05"
"DRAYTON Amari","21","DOM","AA",FALSE,"5.4","9.1","14.5",NA,NA,NA,NA,"5.4","7.95","13.35","5.1","7.7","12.8","5.1","7.75","12.75"
"SIEGFELDT Ava","21","DOM","AA",FALSE,"5","9.05","14.05",NA,NA,NA,NA,"5.2","8.4","13.6","4.7","8.1","12.8","5","7.85","12.85"
"SIEGFELDT Ava","21","DOM","AA",FALSE,"5","9.15","14.15",NA,NA,NA,NA,"5.2","8.25","13.45","5.3","7.85","13.15","5","7.75","12.75"
"FATTA Addison","21","DOM","AA",FALSE,"5.4","9.05","14.45",NA,NA,NA,NA,"5.3","8.35","13.65","4.8","7.25","12.05","5","7.9","12.9"
"FATTA Addison","21","DOM","AA",FALSE,"5.4","8.9","14.3",NA,NA,NA,NA,"5.3","8.2","13.5","5","7.8","12.8","5","8","13"
"MILLER Zoe","21","DOM","AA",FALSE,"5","9.2","14.1",NA,NA,NA,NA,"6","8.3","14.3","5.5","6.25","11.75","5.3","7.6","12.8"
"MILLER Zoe","21","DOM","AA",FALSE,"5","9.2","14.2",NA,NA,NA,NA,"5.9","8","13.9","5.8","7.25","13.05","5","7.7","12.3"
"BARROS Sydney","21","DOM","AA",FALSE,"5.4","8.9","14.3",NA,NA,NA,NA,"5.4","8.15","13.55","5.5","7.5","13","5.6","6.85","12.45"
"BARROS Sydney","21","DOM","AA",FALSE,"5.4","8.95","14.35",NA,NA,NA,NA,"5.4","7.9","13.3","5.3","6.8","12.1","4.9","7.9","12.8"
"GERMAN Karis","21","DOM","AA",FALSE,"4.6","9.15","13.75",NA,NA,NA,NA,"5.6","8","13.6","5.4","6.05","11.45","5.7","7.9","13.6"
"GERMAN Karis","21","DOM","AA",FALSE,"4.6","9.15","13.75",NA,NA,NA,NA,"5.6","7.85","13.45","5.2","7.15","12.35","5.7","7.8","13.5"
"FRAZIER eMjae","21","DOM","AA",FALSE,"5.4","9","14.4",NA,NA,NA,NA,"5.2","7.35","12.55","5.4","7.6","13","5.2","8.15","13.35"
"FRAZIER eMjae","21","DOM","AA",FALSE,"5.4","8.85","14.25",NA,NA,NA,NA,"5.4","6.5","11.9","5.2","7.5","12.7","5.2","8","13.2"
"MORGAN Kaylen","21","DOM","AA",FALSE,"4.6","9.3","13.9",NA,NA,NA,NA,"5.1","8","13.1","5.1","6.8","11.9","5","7.8","12.7"
"MORGAN Kaylen","21","DOM","AA",FALSE,"4.6","9.3","13.9",NA,NA,NA,NA,"5.1","7.95","13.05","5.8","7.7","13.5","5","8","13"
"ALIPIO Ciena","21","DOM","AA",FALSE,"4.6","8.8","13.4",NA,NA,NA,NA,"5.1","7","12.1","5.8","7.9","13.7","4.7","7.9","12.3"
"ALIPIO Ciena","21","DOM","AA",FALSE,"4.6","8.9","13.5",NA,NA,NA,NA,"5.1","8.25","13.35","5.5","7.45","12.95","4.6","8.05","12.65"
"FINNEGAN Aleah","21","DOM","AA",FALSE,"5","8.05","13.05",NA,NA,NA,NA,"5.3","6.4","11.7","5.4","6.3","11.7","5.3","8.2","13.5"
"FINNEGAN Aleah","21","DOM","AA",FALSE,"5","9","14",NA,NA,NA,NA,"5.4","7.95","13.35","5.3","8.25","13.55","5.3","7.4","12.6"
"ROSEN Katelyn","21","DOM","AA",FALSE,"5","8.9","13.9",NA,NA,NA,NA,NA,NA,NA,"5.4","7.2","12.6","4.9","7.8","12.7"
"ROSEN Katelyn","21","DOM","AA",FALSE,"5","9","14",NA,NA,NA,NA,NA,NA,NA,"5.5","6.5","12","5","7.85","12.85"
"MEMMEL Chellsie","21","DOM","AA",FALSE,"5.4","9.35","14.75",NA,NA,NA,NA,"5","6.95","11.65","5.8","7.9","13.7",NA,NA,NA
"MEMMEL Chellsie","21","DOM","AA",FALSE,"5.4","8","13.1",NA,NA,NA,NA,"1","7.75","3.95","5.4","6.75","12.15",NA,NA,NA
"HURD Morgan","21","DOM","AA",FALSE,NA,NA,NA,NA,NA,NA,NA,NA,NA,NA,"5.2","5.1","10.3","5","7.7","12.6"
"HURD Morgan","21","DOM","AA",FALSE,NA,NA,NA,NA,NA,NA,NA,NA,NA,NA,"5.2","6.4","11.6","5","7.7","12.6"
"MCCUSKER Riley","21","DOM","AA",FALSE,NA,NA,NA,NA,NA,NA,NA,"6.2","8.45","14.65",NA,NA,NA,NA,NA,NA
"MCCUSKER Riley","21","DOM","AA",FALSE,NA,NA,NA,NA,NA,NA,NA,"6.4","8.7","15.1",NA,NA,NA,NA,NA,NA
"SALTNESS Lyden","21","DOM","AA",FALSE,NA,NA,NA,NA,NA,NA,NA,"4.9","7.2","12.1",NA,NA,NA,NA,NA,NA
"SALTNESS Lyden","21","DOM","AA",FALSE,NA,NA,NA,NA,NA,NA,NA,"4.3","6.5","10.8",NA,NA,NA,NA,NA,NA
"BILES Simone","21","TRIAL","AA",FALSE,"6","9.466","15.466",NA,NA,NA,NA,"6.2","8.4","14.6","6.8","8.333","15.133","6.8","8.566","15.366"
"BILES Simone","21","TRIAL","AA",FALSE,"6","9.4","15.4",NA,NA,NA,NA,"6.1","7.733","13.833","6.5","7.2","13.7","6.6","8.2","14.6"
"LEE Sunisa","21","TRIAL","AA",FALSE,"5.4","9","14.4",NA,NA,NA,NA,"6.8","8.5","15.3","6.4","8.333","14.733","5.1","8.133","13.233"
"LEE Sunisa","21","TRIAL","AA",FALSE,"5.4","9.2","14.6",NA,NA,NA,NA,"6.5","8.4","14.9","6.4","8.333","14.733","5.5","8.433","13.933"
"CHILES Jordan","21","TRIAL","AA",FALSE,"5.4","9.566","14.966",NA,NA,NA,NA,"5.9","8.4","14.3","6","8.233","14.233","5.8","7.933","13.633"
"CHILES Jordan","21","TRIAL","AA",FALSE,"5.4","9.533","14.933",NA,NA,NA,NA,"5.9","8.533","14.433","5.8","8.1","13.9","5.8","8.433","14.233"
"MCCALLUM Grace","21","TRIAL","AA",FALSE,"5.4","9.233","14.633",NA,NA,NA,NA,"5.8","8.033","13.833","5.7","8.166","13.866","5.7","8.466","14.166"
"MCCALLUM Grace","21","TRIAL","AA",FALSE,"5.4","9.366","14.766",NA,NA,NA,NA,"5.8","8.2","14","5.5","8.3","13.8","5.7","8.1","13.5"
"SKINNER MyKayla","21","TRIAL","AA",FALSE,"5.8","9.333","15.133",NA,NA,NA,NA,"5.8","7.666","13.466","6.3","7.833","14.133","5.9","7.966","13.866"
"SKINNER MyKayla","21","TRIAL","AA",FALSE,"6","9.266","15.266",NA,NA,NA,NA,"5.8","7.7","13.5","6","7.4","13.4","6","7.8","13.5"
"DICELLO Kayla","21","TRIAL","AA",FALSE,"5.4","9.2","14.6",NA,NA,NA,NA,"5.8","8.166","13.966","5.7","8.066","13.766","5.7","8.266","13.966"
"DICELLO Kayla","21","TRIAL","AA",FALSE,"5.4","9.433","14.833",NA,NA,NA,NA,"5.8","7","12.8","5.7","8.1","13.8","5.7","8.1","13.5"
"EAKER Kara","21","TRIAL","AA",FALSE,"5","8.966","13.966",NA,NA,NA,NA,"5.4","8.066","13.466","6.3","8.1","14.4","5.6","8.233","13.733"
"EAKER Kara","21","TRIAL","AA",FALSE,"5","9.033","14.033",NA,NA,NA,NA,"5.5","7.733","13.233","6.4","8.166","14.566","5.8","8","13.7"
"WONG Leanne","21","TRIAL","AA",FALSE,"5.4","9.3","14.7",NA,NA,NA,NA,"5.5","8.166","13.666","5.3","6.2","11.5","5.7","8.233","13.933"
"WONG Leanne","21","TRIAL","AA",FALSE,"5.4","9.3","14.7",NA,NA,NA,NA,"5.5","8.3","13.8","5.8","8.2","14","5.7","8.533","14.233"
"MALABUYO Emma","21","TRIAL","AA",FALSE,"5.4","8.966","14.366",NA,NA,NA,NA,"5.8","8.1","13.9","6.2","6.8","13","5.4","8.166","13.566"
"MALABUYO Emma","21","TRIAL","AA",FALSE,"5.4","8.933","14.333",NA,NA,NA,NA,"5.6","7.833","13.433","6.2","8","14.2","5.5","8.233","13.733"
"JONES Shilese","21","TRIAL","AA",FALSE,"5.4","9.5","14.9",NA,NA,NA,NA,"5.7","7.466","13.166","5.5","8.033","13.533","5.3","8.1","13.4"
"JONES Shilese","21","TRIAL","AA",FALSE,"5.4","9.5","14.9",NA,NA,NA,NA,"5.3","7.6","12.9","5.4","7.9","13.3","5.5","8.133","13.533"
"FATTA Addison","21","TRIAL","AA",FALSE,"5.4","8.966","14.366",NA,NA,NA,NA,"5.3","7.933","13.233","5","7.8","12.8","5","8","13"
"FATTA Addison","21","TRIAL","AA",FALSE,"5.4","9.166","14.566",NA,NA,NA,NA,"5.3","8.1","13.4","4.8","7.933","12.733","4.9","8","12.6"
"MILLER Zoe","21","TRIAL","AA",FALSE,"5","9.033","13.933",NA,NA,NA,NA,"5.9","7.866","13.766","5.5","7.066","12.566","5","7.4","12.2"
"MILLER Zoe","21","TRIAL","AA",FALSE,"5","8.8","13.7",NA,NA,NA,NA,"5.8","7.833","13.633","5.6","7.533","13.133","5","7.966","12.866"
"DRAYTON Amari","21","TRIAL","AA",FALSE,"5.4","8.933","14.333",NA,NA,NA,NA,"5.3","7.8","13.1","5.1","7.266","12.366","5.2","8.1","13.3"
"DRAYTON Amari","21","TRIAL","AA",FALSE,"5.4","8.9","14.3",NA,NA,NA,NA,"5.4","8.166","13.566","5.3","7.3","12.6","5.1","7.366","12.066"
"SIEGFELDT Ava","21","TRIAL","AA",FALSE,"5","8.9","13.9",NA,NA,NA,NA,"5.1","6.966","12.066","5.3","7.866","13.166","4.9","7.633","12.433"
"SIEGFELDT Ava","21","TRIAL","AA",FALSE,"5","9.166","14.166",NA,NA,NA,NA,"5.2","8.266","13.466","5.1","6.733","11.833","4.9","7.566","12.366"
"LEE Emily","21","TRIAL","AA",FALSE,"5.4","9","14.4",NA,NA,NA,NA,"4.7","6.733","11.433","6.1","7.733","13.833","5.4","8.333","13.733"
"LEE Emily","21","TRIAL","AA",FALSE,"5.4","9.066","14.466",NA,NA,NA,NA,"5.2","7.7","12.9","6","7.566","13.566","2.3","8.566","4.366"
"CAREY Jade","21","TRIAL","AA",FALSE,"5.8","9.4","15.2",NA,NA,NA,NA,"4.6","6.7","11.3","5.6","7.666","13.266","5.6","7.833","13.133"
"CAREY Jade","21","TRIAL","AA",FALSE,NA,NA,NA,NA,NA,NA,NA,"5.8","7.933","13.733","5.6","7.833","13.433",NA,NA,NA
"MCCUSKER Riley","21","TRIAL","AA",FALSE,NA,NA,NA,NA,NA,NA,NA,"6.4","8.4","14.8",NA,NA,NA,NA,NA,NA
"MCCUSKER Riley","21","TRIAL","AA",FALSE,NA,NA,NA,NA,NA,NA,NA,"6.4","7.166","13.566",NA,NA,NA,NA,NA,NA
"SHCHENNIKOVA Alyona","17","DOM","AA",FALSE,"5.4","8.95","14.35",NA,NA,NA,NA,"6.2","8.3","14.5","5.7","7.15","12.85","5.2","8.05","13.25"
"PAULSON Abby","17","DOM","AA",FALSE,"4.4","8.6","13",NA,NA,NA,NA,"5.4","7.95","13.35","5.8","7.7","13.5","5","8.25","13.25"
"STEELE Kalyany","17","DOM","AA",FALSE,"5.4","8.85","14.25",NA,NA,NA,NA,"5.6","7.55","13.15","5.5","8.1","13.6","4.5","7.4","11.9"
"BLANCO Luisa","17","DOM","AA",FALSE,"4.4","9","13.4",NA,NA,NA,NA,"4","8.85","12.85","5.5","8.8","14.3","4.6","7.75","12.35"
"CHILES Jordan","17","DOM","AA",FALSE,"5.8","8.9","14.7",NA,NA,NA,NA,"5.4","8.2","13.6","4.8","6.85","11.65","5.1","7.8","12.9"
"ADAMS Shania","17","DOM","AA",FALSE,"4.4","9","13.4",NA,NA,NA,NA,"5.4","7","12.4","5.5","8.2","13.7","5.4","7.85","13.25"
"GASKINS Emily","17","DOM","AA",FALSE,"4.4","9.1","13.5",NA,NA,NA,NA,"4.5","7.95","12.45","5.5","7.8","13.3","5.3","8.3","13.5"
"SOZA Deanne","17","DOM","AA",FALSE,"5.4","8.5","13.9",NA,NA,NA,NA,"4.9","8.25","13.15","5.4","8.25","13.65","4.4","7.55","11.95"
"ARENAS Elena","17","DOM","AA",FALSE,"5.4","9.1","14.5",NA,NA,NA,NA,"5.1","8.4","13.5","5.1","6.85","11.95","5.1","7.3","12.4"
"WALKER Abi","17","DOM","AA",FALSE,"4.4","8.5","12.9",NA,NA,NA,NA,"4.6","7.8","12.4","5.5","7.65","13.15","5.4","7.65","13.05"
"ESPARZA Frida","17","DOM","AA",FALSE,"5.4","8.65","14.05",NA,NA,NA,NA,"5.9","7.2","13.1","5.2","6.8","12","4.8","6.9","11.7"
"CLAPPER Leah","17","DOM","AA",FALSE,"4.4","8.75","13.15",NA,NA,NA,NA,"4.8","6.65","11.45","5.4","6.45","11.85","5","7.6","12.6"
"MADSEN Laney","17","DOM","AA",FALSE,"4.8","8.55","13.25",NA,NA,NA,NA,"4.2","6.6","10.8","5.4","4.25","9.65","5.3","6.85","12.15"
"CAREY Jade","17","DOM","AA",FALSE,"5.6","8.85","14.35",NA,NA,NA,NA,NA,NA,NA,"5.7","8.05","13.75","5.7","8.25","13.95"
"MCCUSKER Riley","17","DOM","AA",FALSE,NA,NA,NA,NA,NA,NA,NA,"6","7.45","13.45","5.6","7.4","13","5.2","8.1","13.3"
"OAKLEY Marissa","17","DOM","AA",FALSE,"4.4","8.85","13.25",NA,NA,NA,NA,"5.9","7.85","13.75","5.1","7","12.1",NA,NA,NA
"SMITH Ragan","17","DOM","AA",FALSE,NA,NA,NA,NA,NA,NA,NA,"6","8.55","14.55","6.2","9.15","15.35",NA,NA,NA
"THOMAS Trinity","17","DOM","AA",FALSE,NA,NA,NA,NA,NA,NA,NA,"5.7","8.2","13.9","5.3","8.7","14",NA,NA,NA
"HURD Morgan","17","DOM","AA",FALSE,"0","0","0",NA,NA,NA,NA,NA,NA,NA,"5.5","8.15","13.65","5.4","8.45","13.85"
"FRAZIER Marz","17","DOM","AA",FALSE,NA,NA,NA,NA,NA,NA,NA,"5.9","7.85","13.75",NA,NA,NA,NA,NA,NA
"LOCKLEAR Ashton","17","DOM","AA",FALSE,NA,NA,NA,NA,NA,NA,NA,NA,NA,NA,"5.7","8","13.6",NA,NA,NA
"JOHNSON-SCHARPF Sydney","17","DOM","AA",FALSE,"4.4","8.8","13.2",NA,NA,NA,NA,NA,NA,NA,NA,NA,NA,NA,NA,NA
"BILES Simone","18","DOM","AA",FALSE,"6","9.4","15.4",NA,NA,NA,NA,"6.1","7.25","13.35","6.3","8.9","15.2","6.6","8.35","14.75"
"MCCUSKER Riley","18","DOM","AA",FALSE,"5.4","8.95","14.35",NA,NA,NA,NA,"6","9","15","5.8","8.75","14.55","5.3","8.3","13.6"
"HURD Morgan","18","DOM","AA",FALSE,"5.4","9","14.4",NA,NA,NA,NA,"6.1","8.6","14.7","5.5","7.9","13.4","5.8","8.05","13.85"
"JONES Shilese","18","DOM","AA",FALSE,"5.4","9.15","14.55",NA,NA,NA,NA,"5.3","8.55","13.85","5.3","7.9","13.2","5.3","8","13.3"
"SHCHENNIKOVA Alyona","18","DOM","AA",FALSE,"5.4","8.5","13.9",NA,NA,NA,NA,"6.2","8.7","14.9","5.5","8","13.4","5","6.7","11.7"
"DAVIS Audrey","18","DOM","AA",FALSE,"5.5","8.7","14.2",NA,NA,NA,NA,"5.6","8.4","14","5.5","7.9","13.4","5.1","7.05","12.15"
"BLAKELY Sloane","18","DOM","AA",FALSE,"4.4","9.1","13.5",NA,NA,NA,NA,"3.9","8.8","12.7","5.8","8.6","14.4","5","7.7","12.7"
"CHILES Jordan","18","DOM","AA",FALSE,"5.4","9.1","14.5",NA,NA,NA,NA,"5.6","7.8","13.4","5.2","7.05","12.25","5.5","7.6","13.1"
"BLANCO Luisa","18","DOM","AA",FALSE,"4.4","8.85","13.25",NA,NA,NA,NA,"4.9","8.35","13.25","5.2","8.35","13.55","4.9","7.8","12.7"
"CAREY Jade","18","DOM","AA",FALSE,"5.4","9.25","14.65",NA,NA,NA,NA,"4.1","7.2","11.3","5.5","7.3","12.8","6.1","7.9","13.9"
"MCCALLUM Grace","18","DOM","AA",FALSE,"5.4","8.1","13.5",NA,NA,NA,NA,"5.6","6.9","12.5","5.5","7.5","13","5.5","7.55","13.05"
"WILLIAMS Madelyn","18","DOM","AA",FALSE,"4.4","8.9","13.3",NA,NA,NA,NA,"5.7","8.2","13.9","4.8","7.1","11.9","4.6","7.8","12.4"
"ADAMS Shania","18","DOM","AA",FALSE,"4.8","7.35","12.15",NA,NA,NA,NA,"5.1","8.65","13.75","5.2","7.25","12.45","5.4","7.85","13.05"
"SOZA Deanne","18","DOM","AA",FALSE,"4.4","8.9","13.3",NA,NA,NA,NA,"5.2","8.2","13.4","5.2","6.4","11.6","5.2","7.65","12.85"
"JOHNSTON Madeleine","18","DOM","AA",FALSE,"4.8","8.75","13.55",NA,NA,NA,NA,"5.2","7.75","12.95","5","6.95","11.95","5","7.55","12.55"
"EAKER Kara","18","DOM","AA",FALSE,"4.2","7.2","11.3",NA,NA,NA,NA,"5.3","7.65","12.95","6.2","7.45","13.65","5.1","7.3","12.4"
"HOLLINGSWORTH Olivia","18","DOM","AA",FALSE,"4.4","8.85","13.25",NA,NA,NA,NA,"5","6.95","11.95","5.3","6.8","12.1","4.8","7.45","12.15"
"BERGER Stephanie","18","DOM","AA",FALSE,"4.4","8.65","13.05",NA,NA,NA,NA,"4.4","8.2","12.6","5.1","7.2","12.3","4.6","6.6","10.9"
"MABANTA Isabel","18","DOM","AA",FALSE,"4.4","8.85","13.25",NA,NA,NA,NA,"3","6.1","9.1","5.2","6.7","11.9","4.1","7.8","11.9"
"SMITH Ragan","18","DOM","AA",FALSE,"5.4","8.6","14",NA,NA,NA,NA,"5.8","7.5","13.3","6","8.5","14.5","0","0","0"
"GILSTRAP Jaylene","18","DOM","AA",FALSE,"4.8","8.75","13.55",NA,NA,NA,NA,NA,NA,NA,"5.1","8.15","13.25","4.8","8.15","12.95"
"MALABUYO Emma","18","DOM","AA",FALSE,"5.4","8.9","14.3",NA,NA,NA,NA,"0","0","0","6.1","6.55","12.65","0","0","0"
"DUNNE Olivia","18","DOM","AA",FALSE,NA,NA,NA,NA,NA,NA,NA,"5.2","7.65","12.85",NA,NA,NA,NA,NA,NA
"BILES Simone","19","DOM","AA",FALSE,"6","9.65","15.65",NA,NA,NA,NA,"6.2","8.25","14.45","6.2","8.7","14.9","6.8","8.5","15"
"MCCUSKER Riley","19","DOM","AA",FALSE,"5.4","8.95","14.35",NA,NA,NA,NA,"5.8","8.75","14.55","6.4","8.7","15.1","5.3","8.6","13.9"
"MCCALLUM Grace","19","DOM","AA",FALSE,"5.4","9.4","14.8",NA,NA,NA,NA,"6.1","8.45","14.55","5.6","8.5","14.1","5.8","8.45","14.25"
"EAKER Kara","19","DOM","AA",FALSE,"4.8","8.9","13.7",NA,NA,NA,NA,"5.4","8.25","13.65","6.8","8.6","15.4","5.5","8.55","14.05"
"WONG Leanne","19","DOM","AA",FALSE,"5.4","9.3","14.7",NA,NA,NA,NA,"5.9","7.85","13.75","5.9","8.4","14.3","5.6","8.3","13.9"
"HURD Morgan","19","DOM","AA",FALSE,"5.4","9.1","14.5",NA,NA,NA,NA,"6","8.7","14.7","5.5","8.4","13.9","5.1","8.3","13.4"
"FINNEGAN Aleah","19","DOM","AA",FALSE,"5.4","9.05","14.45",NA,NA,NA,NA,"5","8.4","13.4","5.9","7.95","13.85","5.5","8.3","13.8"
"TORREZ Faith","19","DOM","AA",FALSE,"5.4","9.05","14.45",NA,NA,NA,NA,"5.4","7.75","13.15","6.1","7.95","14.05","5.4","8.2","13.6"
"JONES Shilese","19","DOM","AA",FALSE,"5.4","9.25","14.65",NA,NA,NA,NA,"5.4","8.1","13.5","6","7.45","13.45","5.3","8.15","13.45"
"CAREY Jade","19","DOM","AA",FALSE,"6","8.9","14.9",NA,NA,NA,NA,"5.1","7.95","13.05","5.8","6.95","12.75","6.1","8.15","14.25"
"CHILES Jordan","19","DOM","AA",FALSE,"5.4","9.3","14.7",NA,NA,NA,NA,"5.5","8.25","13.75","5.3","8.35","13.65","5.2","7.65","12.55"
"LEE Emily","19","DOM","AA",FALSE,"5.4","8.95","14.25",NA,NA,NA,NA,"5.1","7.95","13.05","5.8","7.75","13.55","5.2","8.35","13.55"
"PEREA Gabby","19","DOM","AA",FALSE,"4.4","8.75","13.15",NA,NA,NA,NA,"5.8","8.25","14.05","5.5","6.8","12.2","4.9","7.85","12.65"
"JEFFREY Alexis","19","DOM","AA",FALSE,"4.4","8.75","13.15",NA,NA,NA,NA,"5.1","8","13.1","4.9","7.85","12.75","4.9","7.25","12.15"
"HOLLINGSWORTH Olivia","19","DOM","AA",FALSE,"4.4","8.85","13.25",NA,NA,NA,NA,"5.2","7.5","12.7","4.9","6.65","11.55","5.1","8.1","13.2"
"SKINNER MyKayla","19","DOM","AA",FALSE,"5.8","9.1","14.9",NA,NA,NA,NA,NA,NA,NA,"5.6","8.15","13.75","5.6","7.4","12.9"
"BLAKELY Sloane","19","DOM","AA",FALSE,"4.8","9.1","13.9",NA,NA,NA,NA,NA,NA,NA,"5.8","7.65","13.45","5.1","7.45","12.55"
"GILSTRAP Jaylene","19","DOM","AA",FALSE,"4.4","8.8","13.2",NA,NA,NA,NA,NA,NA,NA,"4.9","8.05","12.95","4.6","8.5","13.1"
"VIDES Abigael","19","DOM","AA",FALSE,"4.8","8.95","13.75",NA,NA,NA,NA,NA,NA,NA,"5","7.35","12.35","4.8","6.8","11.6"
"LEE Sunisa","19","DOM","AA",FALSE,NA,NA,NA,NA,NA,NA,NA,"6.4","8.25","14.65","5.7","8.2","13.9",NA,NA,NA
"THOMAS Trinity","19","DOM","AA",FALSE,NA,NA,NA,NA,NA,NA,NA,"5.5","8.7","14.2","5.6","8.4","14",NA,NA,NA
"BILES Simone","21","DOM","AA",FALSE,"6.6","9.5","16.1",NA,NA,NA,NA,"5.9","7.3","13.2","6.5","8.35","14.85","6.7","7.55","14.25"
"CHILES Jordan","21","DOM","AA",FALSE,"5.4","9.55","14.95",NA,NA,NA,NA,"5.8","8.35","14.15","6","8.05","14.05","5.8","8.15","13.95"
"DICELLO Kayla","21","DOM","AA",FALSE,"5.4","8.95","14.35",NA,NA,NA,NA,"6","8.6","14.6","5.8","7.5","13.3","5.7","8.15","13.85"
"MCCALLUM Grace","21","DOM","AA",FALSE,"5.4","9","14.4",NA,NA,NA,NA,"5.9","7.3","13.2","5.7","8.25","13.95","5.5","8.05","13.55"
"FINNEGAN Aleah","21","DOM","AA",FALSE,"5","9.25","14.25",NA,NA,NA,NA,"5.4","7.8","13.2","5.4","8","13.4","5.2","8.1","13.3"
"WONG Leanne","21","DOM","AA",FALSE,"5.4","8.8","14.2",NA,NA,NA,NA,"4.2","7.7","11.9","6.3","8.15","14.45","5.8","8.05","13.55"
"BLAKELY Skye","21","DOM","AA",FALSE,"5.4","8.6","14",NA,NA,NA,NA,"5.6","8.45","14.05","5.9","6.75","12.65","5.2","8.1","13.3"
"LEE Emily","21","DOM","AA",FALSE,"5.4","8.85","14.25",NA,NA,NA,NA,"5.5","6.65","12.15","6.3","7.4","13.7","5.4","8.4","13.8"
"EAKER Kara","21","DOM","AA",FALSE,"4.2","8.65","12.85",NA,NA,NA,NA,"5.3","8.45","13.75","5.9","8.2","14.1","5.2","7.65","12.55"
"SKINNER MyKayla","21","DOM","AA",FALSE,"6","8.7","14.7",NA,NA,NA,NA,"5.9","7.5","13.4","5.3","6.75","12.05","5.9","7.3","12.9"
"SIEGFELDT Ava","21","DOM","AA",FALSE,"5","9.05","14.05",NA,NA,NA,NA,"5.2","8.35","13.55","5.2","7.7","12.9","4.6","7.7","12.2"
"FRAZIER eMjae","21","DOM","AA",FALSE,"5.4","8.55","13.95",NA,NA,NA,NA,"5.4","7.65","13.05","5.1","6.85","11.95","5","7.85","12.85"
"GERMAN Karis","21","DOM","AA",FALSE,"4.6","9.05","13.65",NA,NA,NA,NA,"5.6","7.65","13.25","5.2","7.25","12.45","5.8","6.65","12.45"
"MILLER Zoe","21","DOM","AA",FALSE,"4.6","8.9","13.5",NA,NA,NA,NA,"5.8","8.2","14","5.5","6.25","11.75","5","7.3","12"
"MORGAN Kaylen","21","DOM","AA",FALSE,"4.6","8.85","13.45",NA,NA,NA,NA,"5.1","7.9","13","5.6","6.45","12.05","4.7","8","12.7"
"DRAYTON Amari","21","DOM","AA",FALSE,"5.4","8.7","14.1",NA,NA,NA,NA,"5.4","8.05","13.45","5.1","6.7","11.8","5.4","6.35","11.75"
"MUELLER Elle","21","DOM","AA",FALSE,"5","8.3","13.2",NA,NA,NA,NA,"5.6","7.6","13.2","5.3","6.75","12.05","4.8","7.65","12.45"
"ZEISS Lexi","21","DOM","AA",FALSE,"5","8.6","13.6",NA,NA,NA,NA,"5.3","7.7","13","4.6","7.05","11.65","4.6","7.95","12.55"
"BARROS Sydney","21","DOM","AA",FALSE,"5.4","8.65","14.05",NA,NA,NA,NA,"5.4","6.95","12.35","5.7","6.55","12.25","4.5","7.5","11.9"
"PILGRIM Anya","21","DOM","AA",FALSE,"4.6","8.75","13.35",NA,NA,NA,NA,"5.2","8.25","13.45","4.8","6.4","11.2","4.7","7.6","12.3"
"DRASER Skylar","21","DOM","AA",FALSE,"4.6","8.8","13.4",NA,NA,NA,NA,"5.1","8","13.1","4.9","7.2","12.1","5.1","6.35","11.45"
"KLEIN Hailey","21","DOM","AA",FALSE,"5","8.8","13.8",NA,NA,NA,NA,"4.7","6.65","11.35","5.1","7.65","12.75","5","7.1","12.1"
"ROSEN Katelyn","21","DOM","AA",FALSE,"5","8.65","13.65",NA,NA,NA,NA,"4.5","5.9","10.4","5.4","7.5","12.9","5","8","13"
"LANDRY Temple","21","DOM","AA",FALSE,"4.6","8.4","13",NA,NA,NA,NA,"4.8","7.2","12","5","7.4","12.4","4.7","7.75","12.45"
"BUTLER Sophia","21","DOM","AA",FALSE,"4.6","8.75","13.35",NA,NA,NA,NA,"5.4","7","12.1","5.2","6.5","11.7","4.8","7.25","12.05"
"KRATZER Alonna","21","DOM","AA",FALSE,"5","8.75","13.75",NA,NA,NA,NA,"5","6.45","11.15","5.2","6.6","11.8","4.9","6.5","11.4"
"SEARS Jamison","21","DOM","AA",FALSE,"5.4","7.65","12.75",NA,NA,NA,NA,"5","6.2","11.2","5.1","5.95","11.05","5.1","7","12.1"
"JONES Shilese","21","DOM","AA",FALSE,"5.4","9.45","14.85",NA,NA,NA,NA,"5.3","7.65","12.95","5","7.1","12.1",NA,NA,NA
"WITTE Mya","21","DOM","AA",FALSE,"4.6","8.5","13.1",NA,NA,NA,NA,NA,NA,NA,"5.5","7.6","13.1","4.9","7.05","11.95"
"MCCLAIN Konnor","21","DOM","AA",FALSE,"5.4","9","14.4",NA,NA,NA,NA,"4.7","6.4","11.1","5.2","6.6","11.8",NA,NA,NA
"ALIPIO Ciena","21","DOM","AA",FALSE,"0","0","0",NA,NA,NA,NA,"4.9","8.2","13.1","5.1","6.2","11.3","4.8","7.35","12.15"
"MALABUYO Emma","21","DOM","AA",FALSE,NA,NA,NA,NA,NA,NA,NA,"5.5","8.25","13.75","5.9","7.4","13.3",NA,NA,NA
"LEE Sunisa","21","DOM","AA",FALSE,NA,NA,NA,NA,NA,NA,NA,"6","7.8","13.5","6.1","7.25","13.35",NA,NA,NA
"FATTA Addison","21","DOM","AA",FALSE,NA,NA,NA,NA,NA,NA,NA,"5.3","8.5","13.8","5","7.75","12.75",NA,NA,NA
"CAREY Jade","21","DOM","AA",FALSE,NA,NA,NA,NA,NA,NA,NA,"5.4","8.4","13.8","5.4","7.35","12.75",NA,NA,NA
"HURD Morgan","21","DOM","AA",FALSE,"0","0","0",NA,NA,NA,NA,NA,NA,NA,"5.6","7.6","13.2","5.1","7.8","12.9"
"MEMMEL Chellsie","21","DOM","AA",FALSE,"4.6","9.15","13.75",NA,NA,NA,NA,NA,NA,NA,"5.6","6.2","11.8",NA,NA,NA
"HERNANDEZ Laurie","21","DOM","AA",FALSE,"4.6","8.65","13.25",NA,NA,NA,NA,NA,NA,NA,"5.1","7.1","12.2",NA,NA,NA
"MCCUSKER Riley","21","DOM","AA",FALSE,"5.4","9","14.4",NA,NA,NA,NA,"0","0","0","0","0","0","0","0","0"
"LITTLE Lauren","21","DOM","AA",FALSE,NA,NA,NA,NA,NA,NA,NA,"4.9","7.15","12.05",NA,NA,NA,NA,NA,NA
