LastName,FirstName,Gender,Country,Date,Competition,Round,Location,Apparatus,Rank,D_Score,E_Score,Penalty,Score
ABDUL,HADI,w,MAS,SUN 25 JUL 2021,Olympic Games,AAqual,"Tokyo, Japan",BB,76,4.8,6.766,,11.566
ABDUL,HADI,w,MAS,SUN 25 JUL 2021,Olympic Games,AAqual,"Tokyo, Japan",FX,64,4.6,7.633,,12.233
ABDUL,HADI,w,MAS,SUN 25 JUL 2021,Olympic Games,AAqual,"Tokyo, Japan",UE,74,5.1,6.5,,11.6
ABDUL,HADI,w,MAS,SUN 25 JUL 2021,Olympic Games,AAqual,"Tokyo, Japan",VT,72,4.6,8.566,,13.166
ABDUL HADI,Farah Ann,w,MAS,25 July 2021,Olympic Games,qual,"Tokyo, Japan",BB,76,4.8,6.766,,11.566
ABDUL HADI,Farah Ann,w,MAS,25 July 2021,Olympic Games,qual,"Tokyo, Japan",FX,64,4.6,7.633,,12.233
ABDUL HADI,Farah Ann,w,MAS,25 July 2021,Olympic Games,qual,"Tokyo, Japan",UE,74,5.1,6.5,,11.6
ADLERTEG,Jonna,w,SWE,25 July 2021,Olympic Games,qual,"Tokyo, Japan",UE,12,6.3,8.233,,14.533
AKHAIMOVA,Liliia,w,ROC,SUN 25 JUL 2021,Olympic Games,AAqual,"Tokyo, Japan",BB,59,5.1,7.166,,12.266
AKHAIMOVA,Liliia,w,ROC,25 July 2021,Olympic Games,qual,"Tokyo, Japan",BB,59,5.1,7.166,,12.266
AKHAIMOVA,Liliia,w,ROC,25 July 2021,Olympic Games,TeamQual,"Tokyo, Japan",BB,,5.1,7.166,,12.266
AKHAIMOVA,Liliia,w,ROC,SUN 25 JUL 2021,Olympic Games,AAqual,"Tokyo, Japan",FX,11,5.8,7.833,,13.633
AKHAIMOVA,Liliia,w,ROC,25 July 2021,Olympic Games,qual,"Tokyo, Japan",FX,11,5.8,7.833,,13.633
AKHAIMOVA,Liliia,w,ROC,25 July 2021,Olympic Games,TeamQual,"Tokyo, Japan",FX,,5.8,7.833,,13.633
AKHAIMOVA,Liliia,w,ROC,25 July 2021,Olympic Games,TeamQual,"Tokyo, Japan",UB,,5.4,7.5,,12.9
AKHAIMOVA,Liliia,w,ROC,SUN 25 JUL 2021,Olympic Games,AAqual,"Tokyo, Japan",UE,49,5.4,7.5,,12.9
AKHAIMOVA,Liliia,w,ROC,25 July 2021,Olympic Games,qual,"Tokyo, Japan",UE,49,5.4,7.5,,12.9
AKHAIMOVA,Liliia,w,ROC,SUN 25 JUL 2021,Olympic Games,AAqual,"Tokyo, Japan",VT,10,5.8,8.966,,14.766
AKHAIMOVA,Liliia,w,ROC,25 July 2021,Olympic Games,TeamQual,"Tokyo, Japan",VT,,5.8,8.966,,14.766
AKHAIMOVA,Liliia,w,ROC,1 Aug 2021,Olympic Games,TeamFinal,"Tokyo, Japan",VT,,5.8,8.933,,14.733
AKHAIMOVA,Liliia,w,ROC,25 July 2021,Olympic Games,qual,"Tokyo, Japan",VT1,7,5.8,8.966,,14.766
AKHAIMOVA,Liliia,w,ROC,1 Aug 2021,Olympic Games,final,"Tokyo, Japan",VT1,6,5.8,8.866,0.1,14.666
AKHAIMOVA,Liliia,w,ROC,25 July 2021,Olympic Games,qual,"Tokyo, Japan",VT2,7,5.6,9.033,,14.633
AKHAIMOVA,Liliia,w,ROC,1 Aug 2021,Olympic Games,final,"Tokyo, Japan",VT2,6,5.6,9.066,,14.666
ALVARADO,Luciana,w,CRC,SUN 25 JUL 2021,Olympic Games,AAqual,"Tokyo, Japan",BB,37,5.3,7.666,,12.966
ALVARADO,Luciana,w,CRC,25 July 2021,Olympic Games,qual,"Tokyo, Japan",BB,37,5.3,7.666,,12.966
ALVARADO,Luciana,w,CRC,SUN 25 JUL 2021,Olympic Games,AAqual,"Tokyo, Japan",FX,66,4.7,7.466,,12.166
ALVARADO,Luciana,w,CRC,25 July 2021,Olympic Games,qual,"Tokyo, Japan",FX,66,4.7,7.466,,12.166
ALVARADO,Luciana,w,CRC,SUN 25 JUL 2021,Olympic Games,AAqual,"Tokyo, Japan",UE,55,4.9,7.841,,12.741
ALVARADO,Luciana,w,CRC,25 July 2021,Olympic Games,qual,"Tokyo, Japan",UE,55,4.9,7.841,,12.741
ALVARADO,Luciana,w,CRC,SUN 25 JUL 2021,Olympic Games,AAqual,"Tokyo, Japan",VT,59,4.6,8.833,,13.433
ANDRADE,Rebeca,w,BRA,THU 29 JUL 2021,Olympic Games,AAfinal,"Tokyo, Japan",BB,5,5.7,7.966,,13.666
ANDRADE,Rebeca,w,BRA,SUN 25 JUL 2021,Olympic Games,AAqual,"Tokyo, Japan",BB,18,5.8,7.933,,13.733
ANDRADE,Rebeca,w,BRA,25 July 2021,Olympic Games,qual,"Tokyo, Japan",BB,18,5.8,7.933,,13.733
ANDRADE,Rebeca,w,BRA,THU 29 JUL 2021,Olympic Games,AAfinal,"Tokyo, Japan",FX,7,5.9,8.166,0.4,13.666
ANDRADE,Rebeca,w,BRA,SUN 25 JUL 2021,Olympic Games,AAqual,"Tokyo, Japan",FX,4,5.7,8.366,,14.066
ANDRADE,Rebeca,w,BRA,25 July 2021,Olympic Games,qual,"Tokyo, Japan",FX,4,5.7,8.366,,14.066
ANDRADE,Rebeca,w,BRA,1 Aug 2021,Olympic Games,final,"Tokyo, Japan",FX,5,5.9,8.233,0.1,14.03
ANDRADE,Rebeca,w,BRA,THU 29 JUL 2021,Olympic Games,AAfinal,"Tokyo, Japan",UE,5,6.3,8.366,,14.666
ANDRADE,Rebeca,w,BRA,SUN 25 JUL 2021,Olympic Games,AAqual,"Tokyo, Japan",UE,19,6,8.2,,14.2
ANDRADE,Rebeca,w,BRA,25 July 2021,Olympic Games,qual,"Tokyo, Japan",UE,19,6,8.2,,14.2
ANDRADE,Rebeca,w,BRA,THU 29 JUL 2021,Olympic Games,AAfinal,"Tokyo, Japan",VT,1,6,9.4,0.1,15.3
ANDRADE,Rebeca,w,BRA,SUN 25 JUL 2021,Olympic Games,AAqual,"Tokyo, Japan",VT,1,6,9.4,,15.4
ANDRADE,Rebeca,w,BRA,25 July 2021,Olympic Games,qual,"Tokyo, Japan",VT1,3,6,9.4,,15.4
ANDRADE,Rebeca,w,BRA,1 Aug 2021,Olympic Games,final,"Tokyo, Japan",VT1,1,6,9.266,0.1,15.166
ANDRADE,Rebeca,w,BRA,25 July 2021,Olympic Games,qual,"Tokyo, Japan",VT2,3,5.4,9.4,,14.8
ANDRADE,Rebeca,w,BRA,1 Aug 2021,Olympic Games,final,"Tokyo, Japan",VT2,1,5.8,9.2,0.1,15
ASHIKAWA,Urara,w,JPN,25 July 2021,Olympic Games,qual,"Tokyo, Japan",BB,12,5.9,8,,13.9
ASHIKAWA,Urara,w,JPN,1 Aug 2021,Olympic Games,final,"Tokyo, Japan",BB,6,5.9,7.833,,13.73
ASHIKAWA,Urara,w,JPN,25 July 2021,Olympic Games,qual,"Tokyo, Japan",FX,85,3.9,6.333,,
ASHIKAWA,Urara,w,JPN,25 July 2021,Olympic Games,qual,"Tokyo, Japan",UE,88,0.5,9.033,6.5,
BECHDEJU,Laura,w,ESP,SUN 25 JUL 2021,Olympic Games,AAqual,"Tokyo, Japan",BB,45,5,7.666,,12.666
BECHDEJU,Laura,w,ESP,25 July 2021,Olympic Games,qual,"Tokyo, Japan",BB,45,5,7.666,,12.666
BECHDEJU,Laura,w,ESP,25 July 2021,Olympic Games,TeamQual,"Tokyo, Japan",BB,,5,7.666,,12.666
BECHDEJU,Laura,w,ESP,SUN 25 JUL 2021,Olympic Games,AAqual,"Tokyo, Japan",FX,62,4.8,7.5,,12.3
BECHDEJU,Laura,w,ESP,25 July 2021,Olympic Games,qual,"Tokyo, Japan",FX,62,4.8,7.5,,12.3
BECHDEJU,Laura,w,ESP,25 July 2021,Olympic Games,TeamQual,"Tokyo, Japan",FX,,4.8,7.5,,12.3
BECHDEJU,Laura,w,ESP,25 July 2021,Olympic Games,TeamQual,"Tokyo, Japan",UB,,5.3,7.4,,12.7
BECHDEJU,Laura,w,ESP,SUN 25 JUL 2021,Olympic Games,AAqual,"Tokyo, Japan",UE,56,5.3,7.4,,12.7
BECHDEJU,Laura,w,ESP,25 July 2021,Olympic Games,qual,"Tokyo, Japan",UE,56,5.3,7.4,,12.7
BECHDEJU,Laura,w,ESP,SUN 25 JUL 2021,Olympic Games,AAqual,"Tokyo, Japan",VT,52,4.6,8.933,,13.533
BECHDEJU,Laura,w,ESP,25 July 2021,Olympic Games,TeamQual,"Tokyo, Japan",VT,,4.6,8.933,,13.533
BILES,Simone,w,USA,SUN 25 JUL 2021,Olympic Games,AAqual,"Tokyo, Japan",BB,7,6.5,7.566,,14.066
BILES,Simone,w,USA,25 July 2021,Olympic Games,qual,"Tokyo, Japan",BB,7,6.5,7.566,,14.066
BILES,Simone,w,USA,1 Aug 2021,Olympic Games,final,"Tokyo, Japan",BB,3,6.1,7.9,,14
BILES,Simone,w,USA,25 July 2021,Olympic Games,TeamQual,"Tokyo, Japan",BB,,6.5,7.566,,14.066
BILES,Simone,w,USA,SUN 25 JUL 2021,Olympic Games,AAqual,"Tokyo, Japan",FX,2,6.7,7.733,0.3,14.133
BILES,Simone,w,USA,25 July 2021,Olympic Games,qual,"Tokyo, Japan",FX,2,6.7,7.733,0.3,14.133
BILES,Simone,w,USA,25 July 2021,Olympic Games,TeamQual,"Tokyo, Japan",FX,,6.7,7.733,0.3,14.133
BILES,Simone,w,USA,25 July 2021,Olympic Games,TeamQual,"Tokyo, Japan",UB,,6.2,8.366,,14.566
BILES,Simone,w,USA,SUN 25 JUL 2021,Olympic Games,AAqual,"Tokyo, Japan",UE,10,6.2,8.366,,14.566
BILES,Simone,w,USA,25 July 2021,Olympic Games,qual,"Tokyo, Japan",UE,10,6.2,8.366,,14.566
BILES,Simone,w,USA,SUN 25 JUL 2021,Olympic Games,AAqual,"Tokyo, Japan",VT,4,6,9.266,0.3,14.966
BILES,Simone,w,USA,25 July 2021,Olympic Games,TeamQual,"Tokyo, Japan",VT,,6,9.266,0.3,14.966
BILES,Simone,w,USA,1 Aug 2021,Olympic Games,TeamFinal,"Tokyo, Japan",VT,,5,8.766,,13.766
BILES,Simone,w,USA,25 July 2021,Olympic Games,qual,"Tokyo, Japan",VT1,1,6,9.266,0.3,14.966
BILES,Simone,w,USA,25 July 2021,Olympic Games,qual,"Tokyo, Japan",VT2,1,5.8,9.6,0.3,15.4
BLACK,Elsabeth,w,CAN,SUN 25 JUL 2021,Olympic Games,AAqual,"Tokyo, Japan",BB,6,6.3,7.8,,14.1
BLACK,Elsabeth,w,CAN,25 July 2021,Olympic Games,qual,"Tokyo, Japan",BB,6,6.3,7.8,,14.1
BLACK,Elsabeth,w,CAN,1 Aug 2021,Olympic Games,final,"Tokyo, Japan",BB,4,6.2,7.666,,13.86
BLACK,Elsabeth,w,CAN,25 July 2021,Olympic Games,TeamQual,"Tokyo, Japan",BB,,6.3,7.8,,14.1
BLACK,Elsabeth,w,CAN,SUN 25 JUL 2021,Olympic Games,AAqual,"Tokyo, Japan",FX,63,5.3,6.966,,12.266
BLACK,Elsabeth,w,CAN,25 July 2021,Olympic Games,qual,"Tokyo, Japan",FX,63,5.3,6.966,,12.266
BLACK,Elsabeth,w,CAN,25 July 2021,Olympic Games,TeamQual,"Tokyo, Japan",FX,,5.3,6.966,,12.266
BLACK,Elsabeth,w,CAN,25 July 2021,Olympic Games,TeamQual,"Tokyo, Japan",UB,,5.7,7.1,,12.8
BLACK,Elsabeth,w,CAN,SUN 25 JUL 2021,Olympic Games,AAqual,"Tokyo, Japan",UE,54,5.7,7.1,,12.8
BLACK,Elsabeth,w,CAN,25 July 2021,Olympic Games,qual,"Tokyo, Japan",UE,54,5.7,7.1,,12.8
BLACK,Elsabeth,w,CAN,SUN 25 JUL 2021,Olympic Games,AAqual,"Tokyo, Japan",VT,13,5.4,9.133,,14.533
BLACK,Elsabeth,w,CAN,25 July 2021,Olympic Games,TeamQual,"Tokyo, Japan",VT,,5.4,9.133,,14.533
BLACK,Elsabeth,w,CAN,25 July 2021,Olympic Games,qual,"Tokyo, Japan",VT1,12,5.4,9.133,,14.533
BLACK,Elsabeth,w,CAN,25 July 2021,Olympic Games,qual,"Tokyo, Japan",VT2,12,5.2,9.1,,14.3
BOYER,Marine,w,FRA,SUN 25 JUL 2021,Olympic Games,AAqual,"Tokyo, Japan",BB,22,5.8,7.666,,13.466
BOYER,Marine,w,FRA,25 July 2021,Olympic Games,qual,"Tokyo, Japan",BB,22,5.8,7.666,,13.466
BOYER,Marine,w,FRA,25 July 2021,Olympic Games,TeamQual,"Tokyo, Japan",BB,,5.8,7.666,,13.466
BOYER,Marine,w,FRA,1 Aug 2021,Olympic Games,TeamFinal,"Tokyo, Japan",BB,,5.4,6.666,,12.066
BOYER,Marine,w,FRA,SUN 25 JUL 2021,Olympic Games,AAqual,"Tokyo, Japan",FX,44,5.1,7.733,0.1,12.733
BOYER,Marine,w,FRA,25 July 2021,Olympic Games,qual,"Tokyo, Japan",FX,44,5.1,7.733,0.1,12.733
BOYER,Marine,w,FRA,25 July 2021,Olympic Games,TeamQual,"Tokyo, Japan",FX,,5.1,7.733,0.1,12.733
BOYER,Marine,w,FRA,1 Aug 2021,Olympic Games,TeamFinal,"Tokyo, Japan",FX,,5.2,7.8,,13
BOYER,Marine,w,FRA,25 July 2021,Olympic Games,TeamQual,"Tokyo, Japan",UB,,4.3,6.1,,10.4
BOYER,Marine,w,FRA,SUN 25 JUL 2021,Olympic Games,AAqual,"Tokyo, Japan",UE,84,4.3,6.1,,10.4
BOYER,Marine,w,FRA,25 July 2021,Olympic Games,qual,"Tokyo, Japan",UE,84,4.3,6.1,,10.4
BOYER,Marine,w,FRA,SUN 25 JUL 2021,Olympic Games,AAqual,"Tokyo, Japan",VT,46,4.6,9.133,,13.733
BOYER,Marine,w,FRA,25 July 2021,Olympic Games,TeamQual,"Tokyo, Japan",VT,,4.6,9.133,,13.733
BRASSART,Maellyse,w,BEL,SUN 25 JUL 2021,Olympic Games,AAqual,"Tokyo, Japan",BB,33,4.9,8.133,,13.033
BRASSART,Maellyse,w,BEL,25 July 2021,Olympic Games,qual,"Tokyo, Japan",BB,33,4.9,8.133,,13.033
BRASSART,Maellyse,w,BEL,25 July 2021,Olympic Games,TeamQual,"Tokyo, Japan",BB,,4.9,8.133,,13.033
BRASSART,Maellyse,w,BEL,1 Aug 2021,Olympic Games,TeamFinal,"Tokyo, Japan",BB,,4.9,6.033,,10.933
BRASSART,Maellyse,w,BEL,SUN 25 JUL 2021,Olympic Games,AAqual,"Tokyo, Japan",FX,39,4.6,8.166,,12.766
BRASSART,Maellyse,w,BEL,25 July 2021,Olympic Games,qual,"Tokyo, Japan",FX,39,4.6,8.166,,12.766
BRASSART,Maellyse,w,BEL,25 July 2021,Olympic Games,TeamQual,"Tokyo, Japan",FX,,4.6,8.166,,12.766
BRASSART,Maellyse,w,BEL,25 July 2021,Olympic Games,TeamQual,"Tokyo, Japan",UB,,5.3,8.066,,13.366
BRASSART,Maellyse,w,BEL,SUN 25 JUL 2021,Olympic Games,AAqual,"Tokyo, Japan",UE,36,5.3,8.066,,13.366
BRASSART,Maellyse,w,BEL,25 July 2021,Olympic Games,qual,"Tokyo, Japan",UE,36,5.3,8.066,,13.366
BRASSART,Maellyse,w,BEL,SUN 25 JUL 2021,Olympic Games,AAqual,"Tokyo, Japan",VT,45,5.4,8.466,0.1,13.766
BRASSART,Maellyse,w,BEL,25 July 2021,Olympic Games,TeamQual,"Tokyo, Japan",VT,,5.4,8.466,0.1,13.766
BRASSART,Maellyse,w,BEL,1 Aug 2021,Olympic Games,TeamFinal,"Tokyo, Japan",VT,,5.4,8.733,0.1,14.033
BUI,Kim,w,GER,THU 29 JUL 2021,Olympic Games,AAfinal,"Tokyo, Japan",BB,13,4.8,7.8,,12.6
BUI,Kim,w,GER,SUN 25 JUL 2021,Olympic Games,AAqual,"Tokyo, Japan",BB,44,4.8,7.866,,12.666
BUI,Kim,w,GER,25 July 2021,Olympic Games,qual,"Tokyo, Japan",BB,44,4.8,7.866,,12.666
BUI,Kim,w,GER,25 July 2021,Olympic Games,TeamQual,"Tokyo, Japan",BB,,4.8,7.866,,12.666
BUI,Kim,w,GER,THU 29 JUL 2021,Olympic Games,AAfinal,"Tokyo, Japan",FX,13,5.3,7.866,,13.166
BUI,Kim,w,GER,SUN 25 JUL 2021,Olympic Games,AAqual,"Tokyo, Japan",FX,24,5.3,7.9,,13.2
BUI,Kim,w,GER,25 July 2021,Olympic Games,qual,"Tokyo, Japan",FX,24,5.3,7.9,,13.2
BUI,Kim,w,GER,25 July 2021,Olympic Games,TeamQual,"Tokyo, Japan",FX,,5.3,7.9,,13.2
BUI,Kim,w,GER,25 July 2021,Olympic Games,TeamQual,"Tokyo, Japan",UB,,5.9,8.166,,14.066
BUI,Kim,w,GER,THU 29 JUL 2021,Olympic Games,AAfinal,"Tokyo, Japan",UE,11,5.7,8.066,,13.766
BUI,Kim,w,GER,SUN 25 JUL 2021,Olympic Games,AAqual,"Tokyo, Japan",UE,24,5.9,8.166,,14.066
BUI,Kim,w,GER,25 July 2021,Olympic Games,qual,"Tokyo, Japan",UE,24,5.9,8.166,,14.066
BUI,Kim,w,GER,THU 29 JUL 2021,Olympic Games,AAfinal,"Tokyo, Japan",VT,21,4.6,8.866,,13.466
BUI,Kim,w,GER,SUN 25 JUL 2021,Olympic Games,AAqual,"Tokyo, Japan",VT,54,4.6,8.866,,13.466
BUI,Kim,w,GER,25 July 2021,Olympic Games,TeamQual,"Tokyo, Japan",VT,,4.6,8.866,,13.466
CALLUM,Mc Grace,w,USA,25 July 2021,Olympic Games,qual,"Tokyo, Japan",BB,32,5.2,7.866,,13.066
CALLUM,Mc Grace,w,USA,25 July 2021,Olympic Games,TeamQual,"Tokyo, Japan",BB,,5.2,7.866,,13.066
CALLUM,Mc Grace,w,USA,1 Aug 2021,Olympic Games,TeamFinal,"Tokyo, Japan",BB,,5.7,7.966,,13.666
CALLUM,Mc Grace,w,USA,25 July 2021,Olympic Games,qual,"Tokyo, Japan",FX,16,5.6,7.966,0.1,13.466
CALLUM,Mc Grace,w,USA,25 July 2021,Olympic Games,TeamQual,"Tokyo, Japan",FX,,5.6,7.966,0.1,13.466
CALLUM,Mc Grace,w,USA,1 Aug 2021,Olympic Games,TeamFinal,"Tokyo, Japan",FX,,5.6,8,0.1,13.5
CALLUM,Mc Grace,w,USA,25 July 2021,Olympic Games,TeamQual,"Tokyo, Japan",UB,,5.8,8.3,,14.1
CALLUM,Mc Grace,w,USA,1 Aug 2021,Olympic Games,TeamFinal,"Tokyo, Japan",UB,,5.8,7.9,,13.7
CALLUM,Mc Grace,w,USA,25 July 2021,Olympic Games,qual,"Tokyo, Japan",UE,22,5.8,8.3,,14.1
CALLUM,Mc Grace,w,USA,25 July 2021,Olympic Games,TeamQual,"Tokyo, Japan",VT,,5.4,9.133,,14.533
CALLUM,Mc Grace,w,USA,1 Aug 2021,Olympic Games,TeamFinal,"Tokyo, Japan",VT,,5.4,9,0.1,14.3
CAREY,Jade,w,USA,THU 29 JUL 2021,Olympic Games,AAfinal,"Tokyo, Japan",BB,23,5.1,6.433,,11.533
CAREY,Jade,w,USA,SUN 25 JUL 2021,Olympic Games,AAqual,"Tokyo, Japan",BB,41,5.4,7.466,,12.866
CAREY,Jade,w,USA,25 July 2021,Olympic Games,qual,"Tokyo, Japan",BB,41,5.4,7.466,,12.866
CAREY,Jade,w,USA,THU 29 JUL 2021,Olympic Games,AAfinal,"Tokyo, Japan",FX,3,6.3,7.766,0.1,13.966
CAREY,Jade,w,USA,SUN 25 JUL 2021,Olympic Games,AAqual,"Tokyo, Japan",FX,3,6.2,7.9,,14.1
CAREY,Jade,w,USA,25 July 2021,Olympic Games,qual,"Tokyo, Japan",FX,3,6.2,7.9,0.3,14.1
CAREY,Jade,w,USA,1 Aug 2021,Olympic Games,final,"Tokyo, Japan",FX,1,6.3,8.066,,14.36
CAREY,Jade,w,USA,THU 29 JUL 2021,Olympic Games,AAfinal,"Tokyo, Japan",UE,15,5.5,8,,13.5
CAREY,Jade,w,USA,SUN 25 JUL 2021,Olympic Games,AAqual,"Tokyo, Japan",UE,20,5.8,8.333,,14.133
CAREY,Jade,w,USA,25 July 2021,Olympic Games,qual,"Tokyo, Japan",UE,20,5.8,8.333,,14.133
CAREY,Jade,w,USA,THU 29 JUL 2021,Olympic Games,AAfinal,"Tokyo, Japan",VT,2,6,9.2,,15.2
CAREY,Jade,w,USA,SUN 25 JUL 2021,Olympic Games,AAqual,"Tokyo, Japan",VT,2,6,9.166,,15.166
CAREY,Jade,w,USA,25 July 2021,Olympic Games,qual,"Tokyo, Japan",VT1,2,6,9.166,,15.166
CAREY,Jade,w,USA,1 Aug 2021,Olympic Games,final,"Tokyo, Japan",VT1,8,3.3,8.633,,11.933
CAREY,Jade,w,USA,25 July 2021,Olympic Games,qual,"Tokyo, Japan",VT2,2,5.8,9.366,,15.166
CAREY,Jade,w,USA,1 Aug 2021,Olympic Games,final,"Tokyo, Japan",VT2,8,5.8,9.1,2,12.9
CASTRO,Simona,w,CHI,SUN 25 JUL 2021,Olympic Games,AAqual,"Tokyo, Japan",BB,79,4.7,6.733,,11.433
CASTRO,Simona,w,CHI,25 July 2021,Olympic Games,qual,"Tokyo, Japan",BB,79,4.7,6.733,,11.433
CASTRO,Simona,w,CHI,SUN 25 JUL 2021,Olympic Games,AAqual,"Tokyo, Japan",FX,85,3.9,6.333,,10.233
CASTRO,Simona,w,CHI,25 July 2021,Olympic Games,qual,"Tokyo, Japan",FX,85,3.9,6.333,,10.2
CASTRO,Simona,w,CHI,SUN 25 JUL 2021,Olympic Games,AAqual,"Tokyo, Japan",UE,78,4.4,7.133,,11.533
CASTRO,Simona,w,CHI,25 July 2021,Olympic Games,qual,"Tokyo, Japan",UE,78,4.4,7.133,,11.533
CASTRO,Simona,w,CHI,SUN 25 JUL 2021,Olympic Games,AAqual,"Tokyo, Japan",VT,69,4.6,8.6,,13.2
CHILES,Jordan,w,USA,SUN 25 JUL 2021,Olympic Games,AAqual,"Tokyo, Japan",BB,78,5.6,5.966,,11.566
CHILES,Jordan,w,USA,25 July 2021,Olympic Games,qual,"Tokyo, Japan",BB,78,5.6,5.966,,11.566
CHILES,Jordan,w,USA,25 July 2021,Olympic Games,TeamQual,"Tokyo, Japan",BB,,5.6,5.966,,11.566
CHILES,Jordan,w,USA,1 Aug 2021,Olympic Games,TeamFinal,"Tokyo, Japan",BB,,5.6,7.833,,13.433
CHILES,Jordan,w,USA,SUN 25 JUL 2021,Olympic Games,AAqual,"Tokyo, Japan",FX,13,5.9,7.666,,13.566
CHILES,Jordan,w,USA,25 July 2021,Olympic Games,qual,"Tokyo, Japan",FX,13,5.9,7.666,,13.566
CHILES,Jordan,w,USA,25 July 2021,Olympic Games,TeamQual,"Tokyo, Japan",FX,,5.9,7.666,,13.566
CHILES,Jordan,w,USA,1 Aug 2021,Olympic Games,TeamFinal,"Tokyo, Japan",FX,,5.7,6.6,0.6,11.7
CHILES,Jordan,w,USA,25 July 2021,Olympic Games,TeamQual,"Tokyo, Japan",UB,,5.7,7.166,,12.866
CHILES,Jordan,w,USA,1 Aug 2021,Olympic Games,TeamFinal,"Tokyo, Japan",UB,,5.9,8.266,,14.166
CHILES,Jordan,w,USA,SUN 25 JUL 2021,Olympic Games,AAqual,"Tokyo, Japan",UE,52,5.7,7.166,,12.866
CHILES,Jordan,w,USA,25 July 2021,Olympic Games,qual,"Tokyo, Japan",UE,52,5.7,7.166,,12.866
CHILES,Jordan,w,USA,SUN 25 JUL 2021,Olympic Games,AAqual,"Tokyo, Japan",VT,11,5.4,9.3,,14.7
CHILES,Jordan,w,USA,25 July 2021,Olympic Games,TeamQual,"Tokyo, Japan",VT,,5.4,9.3,,14.7
CHILES,Jordan,w,USA,1 Aug 2021,Olympic Games,TeamFinal,"Tokyo, Japan",VT,,5.4,9.266,,14.666
CHUSOVITINA,Oksana,w,UZB,25 July 2021,Olympic Games,qual,"Tokyo, Japan",VT1,14,5.8,8.8,0.1,14.5
CHUSOVITINA,Oksana,w,UZB,25 July 2021,Olympic Games,qual,"Tokyo, Japan",VT2,14,5.2,8.733,0.1,13.833
D AMATO,Alice,w,ITA,25 July 2021,Olympic Games,qual,"Tokyo, Japan",BB,48,5.3,7.3,,12.6
D AMATO,Alice,w,ITA,25 July 2021,Olympic Games,TeamQual,"Tokyo, Japan",BB,,5.3,7.3,,12.6
D AMATO,Alice,w,ITA,1 Aug 2021,Olympic Games,TeamFinal,"Tokyo, Japan",BB,,5.7,7.433,,13.133
D AMATO,Alice,w,ITA,25 July 2021,Olympic Games,qual,"Tokyo, Japan",FX,28,5,8.033,,13.033
D AMATO,Alice,w,ITA,25 July 2021,Olympic Games,TeamQual,"Tokyo, Japan",FX,,5,8.033,,13.033
D AMATO,Alice,w,ITA,1 Aug 2021,Olympic Games,TeamFinal,"Tokyo, Japan",FX,,5,8.1,,13.1
D AMATO,Alice,w,ITA,25 July 2021,Olympic Games,TeamQual,"Tokyo, Japan",UB,,5.9,8.333,,14.233
D AMATO,Alice,w,ITA,1 Aug 2021,Olympic Games,TeamFinal,"Tokyo, Japan",UB,,6,8.166,,14.166
D AMATO,Alice,w,ITA,25 July 2021,Olympic Games,qual,"Tokyo, Japan",UE,18,5.9,8.333,,14.233
D AMATO,Alice,w,ITA,25 July 2021,Olympic Games,TeamQual,"Tokyo, Japan",VT,,5.4,8.933,,14.333
D AMATO,Alice,w,ITA,1 Aug 2021,Olympic Games,TeamFinal,"Tokyo, Japan",VT,,5.4,8.766,,14.166
D AMATO,Asia,w,ITA,25 July 2021,Olympic Games,qual,"Tokyo, Japan",BB,29,5.3,7.833,,13.133
D AMATO,Asia,w,ITA,25 July 2021,Olympic Games,TeamQual,"Tokyo, Japan",BB,,5.3,7.833,,13.133
D AMATO,Asia,w,ITA,1 Aug 2021,Olympic Games,TeamFinal,"Tokyo, Japan",BB,,5.3,7.6,,12.9
D AMATO,Asia,w,ITA,25 July 2021,Olympic Games,qual,"Tokyo, Japan",FX,76,5.1,7.033,0.3,11.833
D AMATO,Asia,w,ITA,25 July 2021,Olympic Games,TeamQual,"Tokyo, Japan",FX,,5.1,7.033,0.3,11.833
D AMATO,Asia,w,ITA,1 Aug 2021,Olympic Games,TeamFinal,"Tokyo, Japan",FX,,5.2,7.966,,13.166
D AMATO,Asia,w,ITA,25 July 2021,Olympic Games,TeamQual,"Tokyo, Japan",UB,,5.7,8.233,,13.933
D AMATO,Asia,w,ITA,1 Aug 2021,Olympic Games,TeamFinal,"Tokyo, Japan",UB,,5.7,8.2,,13.9
D AMATO,Asia,w,ITA,25 July 2021,Olympic Games,qual,"Tokyo, Japan",UE,26,5.7,8.233,,13.933
D AMATO,Asia,w,ITA,25 July 2021,Olympic Games,TeamQual,"Tokyo, Japan",VT,,5.4,8.833,,14.233
D AMATO,Asia,w,ITA,1 Aug 2021,Olympic Games,TeamFinal,"Tokyo, Japan",VT,,5.4,8.866,,14.266
D'AMATO,Alice,w,ITA,THU 29 JUL 2021,Olympic Games,AAfinal,"Tokyo, Japan",BB,22,5.3,6.333,,11.633
D'AMATO,Alice,w,ITA,SUN 25 JUL 2021,Olympic Games,AAqual,"Tokyo, Japan",BB,48,5.3,7.3,,12.6
D'AMATO,Alice,w,ITA,THU 29 JUL 2021,Olympic Games,AAfinal,"Tokyo, Japan",FX,17,5,7.966,,12.966
D'AMATO,Alice,w,ITA,SUN 25 JUL 2021,Olympic Games,AAqual,"Tokyo, Japan",FX,28,5,8.033,,13.033
D'AMATO,Alice,w,ITA,THU 29 JUL 2021,Olympic Games,AAfinal,"Tokyo, Japan",UE,19,5.9,7.1,,13
D'AMATO,Alice,w,ITA,SUN 25 JUL 2021,Olympic Games,AAqual,"Tokyo, Japan",UE,18,5.9,8.333,,14.233
D'AMATO,Alice,w,ITA,THU 29 JUL 2021,Olympic Games,AAfinal,"Tokyo, Japan",VT,14,5.4,8.9,,14.3
D'AMATO,Alice,w,ITA,SUN 25 JUL 2021,Olympic Games,AAqual,"Tokyo, Japan",VT,24,5.4,8.933,,14.333
D'AMATO,Asia,w,ITA,SUN 25 JUL 2021,Olympic Games,AAqual,"Tokyo, Japan",BB,29,5.3,7.833,,13.133
D'AMATO,Asia,w,ITA,SUN 25 JUL 2021,Olympic Games,AAqual,"Tokyo, Japan",FX,76,5.1,7.033,0.3,11.833
D'AMATO,Asia,w,ITA,SUN 25 JUL 2021,Olympic Games,AAqual,"Tokyo, Japan",UE,26,5.7,8.233,,13.933
D'AMATO,Asia,w,ITA,SUN 25 JUL 2021,Olympic Games,AAqual,"Tokyo, Japan",VT,32,5.4,8.833,,14.233
DARIES,Naveen,w,RSA,SUN 25 JUL 2021,Olympic Games,AAqual,"Tokyo, Japan",BB,90,4.8,4.133,,8.933
DARIES,Naveen,w,RSA,25 July 2021,Olympic Games,qual,"Tokyo, Japan",BB,90,4.8,4.133,,8.9
DARIES,Naveen,w,RSA,SUN 25 JUL 2021,Olympic Games,AAqual,"Tokyo, Japan",FX,77,4.5,7.566,0.3,11.766
DARIES,Naveen,w,RSA,25 July 2021,Olympic Games,qual,"Tokyo, Japan",FX,77,4.5,7.566,0.3,11.766
DARIES,Naveen,w,RSA,SUN 25 JUL 2021,Olympic Games,AAqual,"Tokyo, Japan",UE,62,5,7.366,,12.366
DARIES,Naveen,w,RSA,25 July 2021,Olympic Games,qual,"Tokyo, Japan",UE,62,5,7.366,,12.366
DARIES,Naveen,w,RSA,SUN 25 JUL 2021,Olympic Games,AAqual,"Tokyo, Japan",VT,66,4.6,8.7,,13.3
DARIES,Naveen,w,RSA,25 July 2021,Olympic Games,qual,"Tokyo, Japan",VT1,18,4.6,8.7,,13.3
DARIES,Naveen,w,RSA,25 July 2021,Olympic Games,qual,"Tokyo, Japan",VT2,18,4,8.666,,12.666
DEREK,Ana,w,CRO,25 July 2021,Olympic Games,qual,"Tokyo, Japan",BB,74,4.7,6.933,,11.633
DEREK,Ana,w,CRO,25 July 2021,Olympic Games,qual,"Tokyo, Japan",FX,58,4.7,7.733,,12.433
DERWAEL,Nina,w,BEL,THU 29 JUL 2021,Olympic Games,AAfinal,"Tokyo, Japan",BB,6,5.4,7.966,,13.366
DERWAEL,Nina,w,BEL,SUN 25 JUL 2021,Olympic Games,AAqual,"Tokyo, Japan",BB,15,5.4,8.366,,13.766
DERWAEL,Nina,w,BEL,25 July 2021,Olympic Games,qual,"Tokyo, Japan",BB,15,5.4,8.366,,13.766
DERWAEL,Nina,w,BEL,25 July 2021,Olympic Games,TeamQual,"Tokyo, Japan",BB,,5.4,8.366,,13.766
DERWAEL,Nina,w,BEL,1 Aug 2021,Olympic Games,TeamFinal,"Tokyo, Japan",BB,,5.6,8.266,,13.866
DERWAEL,Nina,w,BEL,THU 29 JUL 2021,Olympic Games,AAfinal,"Tokyo, Japan",FX,9,5,8.433,,13.433
DERWAEL,Nina,w,BEL,SUN 25 JUL 2021,Olympic Games,AAqual,"Tokyo, Japan",FX,12,5,8.566,,13.566
DERWAEL,Nina,w,BEL,25 July 2021,Olympic Games,qual,"Tokyo, Japan",FX,12,5,8.566,,13.566
DERWAEL,Nina,w,BEL,25 July 2021,Olympic Games,TeamQual,"Tokyo, Japan",FX,,5,8.566,,13.566
DERWAEL,Nina,w,BEL,1 Aug 2021,Olympic Games,TeamFinal,"Tokyo, Japan",FX,,4.8,8.566,,13.366
DERWAEL,Nina,w,BEL,25 July 2021,Olympic Games,TeamQual,"Tokyo, Japan",UB,,6.7,8.666,,15.366
DERWAEL,Nina,w,BEL,1 Aug 2021,Olympic Games,TeamFinal,"Tokyo, Japan",UB,,6.7,8.7,,15.4
DERWAEL,Nina,w,BEL,THU 29 JUL 2021,Olympic Games,AAfinal,"Tokyo, Japan",UE,2,6.7,8.566,,15.266
DERWAEL,Nina,w,BEL,SUN 25 JUL 2021,Olympic Games,AAqual,"Tokyo, Japan",UE,1,6.7,8.666,,15.366
DERWAEL,Nina,w,BEL,25 July 2021,Olympic Games,qual,"Tokyo, Japan",UE,1,6.7,8.666,,15.366
DERWAEL,Nina,w,BEL,1 Aug 2021,Olympic Games,final,"Tokyo, Japan",UE,1,6.7,8.5,,15.2
DERWAEL,Nina,w,BEL,THU 29 JUL 2021,Olympic Games,AAfinal,"Tokyo, Japan",VT,19,5,9,0.1,13.9
DERWAEL,Nina,w,BEL,SUN 25 JUL 2021,Olympic Games,AAqual,"Tokyo, Japan",VT,42,5,8.9,,13.9
DERWAEL,Nina,w,BEL,25 July 2021,Olympic Games,TeamQual,"Tokyo, Japan",VT,,5,8.9,,13.9
ELPITIYA,BADALG.D.,w,SRI,SUN 25 JUL 2021,Olympic Games,AAqual,"Tokyo, Japan",BB,80,5.1,6.166,,11.266
ELPITIYA,BADALG.D.,w,SRI,SUN 25 JUL 2021,Olympic Games,AAqual,"Tokyo, Japan",FX,84,4.5,5.8,,10.3
ELPITIYA,BADALG.D.,w,SRI,SUN 25 JUL 2021,Olympic Games,AAqual,"Tokyo, Japan",UE,82,4.8,6.066,,10.866
ELPITIYA,BADALG.D.,w,SRI,SUN 25 JUL 2021,Olympic Games,AAqual,"Tokyo, Japan",VT,64,4.8,8.566,,13.366
ELPITIYA BADALGE DONA,Milka Gehani,w,SRI,25 July 2021,Olympic Games,qual,"Tokyo, Japan",BB,80,5.1,6.166,,11.266
ELPITIYA BADALGE DONA,Milka Gehani,w,SRI,25 July 2021,Olympic Games,qual,"Tokyo, Japan",FX,84,4.5,5.8,,10.3
ELPITIYA BADALGE DONA,Milka Gehani,w,SRI,25 July 2021,Olympic Games,qual,"Tokyo, Japan",UE,82,4.8,6.066,,10.866
ERICHSEN,Julie,w,NOR,25 July 2021,Olympic Games,qual,"Tokyo, Japan",UE,75,4.8,6.766,,11.566
FAN,Yilin,w,CHN,25 July 2021,Olympic Games,qual,"Tokyo, Japan",UE,9,6.3,8.3,,14.6
FAN,Yilin,w,CHN,1 Aug 2021,Olympic Games,final,"Tokyo, Japan",UE,7,6.4,7.5,,13.9
FERRARI,Vanessa,w,ITA,25 July 2021,Olympic Games,qual,"Tokyo, Japan",BB,52,5.1,7.4,,12.5
FERRARI,Vanessa,w,ITA,25 July 2021,Olympic Games,TeamQual,"Tokyo, Japan",BB,,5.1,7.4,,12.5
FERRARI,Vanessa,w,ITA,25 July 2021,Olympic Games,qual,"Tokyo, Japan",FX,1,5.9,8.266,,14.166
FERRARI,Vanessa,w,ITA,1 Aug 2021,Olympic Games,final,"Tokyo, Japan",FX,2,5.9,8.3,,14.2
FERRARI,Vanessa,w,ITA,25 July 2021,Olympic Games,TeamQual,"Tokyo, Japan",FX,,5.9,8.266,,14.166
FERRARI,Vanessa,w,ITA,1 Aug 2021,Olympic Games,TeamFinal,"Tokyo, Japan",FX,,5.8,8.3,,14.1
FERRARI,Vanessa,w,ITA,25 July 2021,Olympic Games,qual,"Tokyo, Japan",UE,,,,,
FERRARI,Vanessa,w,ITA,25 July 2021,Olympic Games,TeamQual,"Tokyo, Japan",VT,,5.4,8.8,,14.2
FERRARI,Vanessa,w,ITA,1 Aug 2021,Olympic Games,TeamFinal,"Tokyo, Japan",VT,,5.4,8.833,,14.233
FRANCIS,Danusia,w,JAM,25 July 2021,Olympic Games,qual,"Tokyo, Japan",UE,88,0.5,9.033,6.5,3
FRIESS,Aline,w,FRA,SUN 25 JUL 2021,Olympic Games,AAqual,"Tokyo, Japan",BB,51,4.7,7.8,,12.5
FRIESS,Aline,w,FRA,25 July 2021,Olympic Games,qual,"Tokyo, Japan",BB,51,4.7,7.8,,12.5
FRIESS,Aline,w,FRA,25 July 2021,Olympic Games,TeamQual,"Tokyo, Japan",BB,,4.7,7.8,,12.5
FRIESS,Aline,w,FRA,SUN 25 JUL 2021,Olympic Games,AAqual,"Tokyo, Japan",FX,56,4.8,8,0.3,12.5
FRIESS,Aline,w,FRA,25 July 2021,Olympic Games,qual,"Tokyo, Japan",FX,56,4.8,8,0.3,12.5
FRIESS,Aline,w,FRA,25 July 2021,Olympic Games,TeamQual,"Tokyo, Japan",FX,,4.8,8,0.3,12.5
FRIESS,Aline,w,FRA,25 July 2021,Olympic Games,TeamQual,"Tokyo, Japan",UB,,5.8,7.866,,13.666
FRIESS,Aline,w,FRA,1 Aug 2021,Olympic Games,TeamFinal,"Tokyo, Japan",UB,,5.8,7.933,,13.733
FRIESS,Aline,w,FRA,SUN 25 JUL 2021,Olympic Games,AAqual,"Tokyo, Japan",UE,31,5.8,7.866,,13.666
FRIESS,Aline,w,FRA,25 July 2021,Olympic Games,qual,"Tokyo, Japan",UE,31,5.8,7.866,,13.666
FRIESS,Aline,w,FRA,SUN 25 JUL 2021,Olympic Games,AAqual,"Tokyo, Japan",VT,5,5.8,9.166,,14.966
FRIESS,Aline,w,FRA,25 July 2021,Olympic Games,TeamQual,"Tokyo, Japan",VT,,5.8,9.166,,14.966
FRIESS,Aline,w,FRA,1 Aug 2021,Olympic Games,TeamFinal,"Tokyo, Japan",VT,,5.8,9.1,,14.9
GADIROVA,Jennifer,w,GBR,THU 29 JUL 2021,Olympic Games,AAfinal,"Tokyo, Japan",BB,11,5.1,7.833,,12.933
GADIROVA,Jennifer,w,GBR,SUN 25 JUL 2021,Olympic Games,AAqual,"Tokyo, Japan",BB,24,5.2,8.1,,13.3
GADIROVA,Jennifer,w,GBR,25 July 2021,Olympic Games,qual,"Tokyo, Japan",BB,24,5.2,8.1,,13.3
GADIROVA,Jennifer,w,GBR,25 July 2021,Olympic Games,TeamQual,"Tokyo, Japan",BB,,5.2,8.1,,13.3
GADIROVA,Jennifer,w,GBR,1 Aug 2021,Olympic Games,TeamFinal,"Tokyo, Japan",BB,,5.2,8.1,,13.3
GADIROVA,Jennifer,w,GBR,THU 29 JUL 2021,Olympic Games,AAfinal,"Tokyo, Japan",FX,4,5.4,8.4,,13.8
GADIROVA,Jennifer,w,GBR,SUN 25 JUL 2021,Olympic Games,AAqual,"Tokyo, Japan",FX,9,5.4,8.4,,13.8
GADIROVA,Jennifer,w,GBR,25 July 2021,Olympic Games,qual,"Tokyo, Japan",FX,9,5.4,8.4,,13.8
GADIROVA,Jennifer,w,GBR,1 Aug 2021,Olympic Games,final,"Tokyo, Japan",FX,7,5.1,8.133,,13.23
GADIROVA,Jennifer,w,GBR,25 July 2021,Olympic Games,TeamQual,"Tokyo, Japan",FX,,5.4,8.4,,13.8
GADIROVA,Jennifer,w,GBR,1 Aug 2021,Olympic Games,TeamFinal,"Tokyo, Japan",FX,,5.4,8.4,0.1,13.7
GADIROVA,Jennifer,w,GBR,25 July 2021,Olympic Games,TeamQual,"Tokyo, Japan",UB,,5,8.066,,13.066
GADIROVA,Jennifer,w,GBR,THU 29 JUL 2021,Olympic Games,AAfinal,"Tokyo, Japan",UE,23,5,7.4,,12.4
GADIROVA,Jennifer,w,GBR,SUN 25 JUL 2021,Olympic Games,AAqual,"Tokyo, Japan",UE,43,5,8.066,,13.066
GADIROVA,Jennifer,w,GBR,25 July 2021,Olympic Games,qual,"Tokyo, Japan",UE,43,5,8.066,,13.066
GADIROVA,Jennifer,w,GBR,THU 29 JUL 2021,Olympic Games,AAfinal,"Tokyo, Japan",VT,11,5.4,9.1,0.1,14.4
GADIROVA,Jennifer,w,GBR,SUN 25 JUL 2021,Olympic Games,AAqual,"Tokyo, Japan",VT,13,5.4,9.133,,14.533
GADIROVA,Jennifer,w,GBR,25 July 2021,Olympic Games,TeamQual,"Tokyo, Japan",VT,,5.4,9.133,,14.533
GADIROVA,Jennifer,w,GBR,1 Aug 2021,Olympic Games,TeamFinal,"Tokyo, Japan",VT,,5.4,9.033,,14.433
GADIROVA,Jessica,w,GBR,THU 29 JUL 2021,Olympic Games,AAfinal,"Tokyo, Japan",BB,20,5,7.033,,12.033
GADIROVA,Jessica,w,GBR,SUN 25 JUL 2021,Olympic Games,AAqual,"Tokyo, Japan",BB,39,5.1,7.766,,12.866
GADIROVA,Jessica,w,GBR,25 July 2021,Olympic Games,qual,"Tokyo, Japan",BB,39,5.1,7.766,,12.866
GADIROVA,Jessica,w,GBR,25 July 2021,Olympic Games,TeamQual,"Tokyo, Japan",BB,,5.1,7.766,,12.866
GADIROVA,Jessica,w,GBR,THU 29 JUL 2021,Olympic Games,AAfinal,"Tokyo, Japan",FX,5,5.6,8.1,,13.7
GADIROVA,Jessica,w,GBR,SUN 25 JUL 2021,Olympic Games,AAqual,"Tokyo, Japan",FX,5,5.5,8.533,,14.033
GADIROVA,Jessica,w,GBR,25 July 2021,Olympic Games,qual,"Tokyo, Japan",FX,5,5.5,8.533,,14.033
GADIROVA,Jessica,w,GBR,1 Aug 2021,Olympic Games,final,"Tokyo, Japan",FX,6,5.6,8.4,0.1,14
GADIROVA,Jessica,w,GBR,25 July 2021,Olympic Games,TeamQual,"Tokyo, Japan",FX,,5.5,8.533,,14.033
GADIROVA,Jessica,w,GBR,1 Aug 2021,Olympic Games,TeamFinal,"Tokyo, Japan",FX,,5.6,8.233,,13.833
GADIROVA,Jessica,w,GBR,25 July 2021,Olympic Games,TeamQual,"Tokyo, Japan",UB,,5.7,8.1,,13.8
GADIROVA,Jessica,w,GBR,1 Aug 2021,Olympic Games,TeamFinal,"Tokyo, Japan",UB,,5.7,7.866,,13.566
GADIROVA,Jessica,w,GBR,THU 29 JUL 2021,Olympic Games,AAfinal,"Tokyo, Japan",UE,13,5.7,7.966,,13.666
GADIROVA,Jessica,w,GBR,SUN 25 JUL 2021,Olympic Games,AAqual,"Tokyo, Japan",UE,29,5.7,8.1,,13.8
GADIROVA,Jessica,w,GBR,25 July 2021,Olympic Games,qual,"Tokyo, Japan",UE,29,5.7,8.1,,13.8
GADIROVA,Jessica,w,GBR,THU 29 JUL 2021,Olympic Games,AAfinal,"Tokyo, Japan",VT,7,5.4,9.166,,14.566
GADIROVA,Jessica,w,GBR,SUN 25 JUL 2021,Olympic Games,AAqual,"Tokyo, Japan",VT,16,5.4,9.1,,14.5
GADIROVA,Jessica,w,GBR,25 July 2021,Olympic Games,TeamQual,"Tokyo, Japan",VT,,5.4,9.1,,14.5
GADIROVA,Jessica,w,GBR,1 Aug 2021,Olympic Games,TeamFinal,"Tokyo, Japan",VT,,5.4,9.033,,14.433
GADIROVA,Jessica,w,GBR,25 July 2021,Olympic Games,qual,"Tokyo, Japan",VT1,13,5.4,9.1,,14.5
GADIROVA,Jessica,w,GBR,25 July 2021,Olympic Games,qual,"Tokyo, Japan",VT2,13,5.2,9,,14.2
GERASIMOVA,Elena,w,ROC,SUN 25 JUL 2021,Olympic Games,AAqual,"Tokyo, Japan",BB,16,5.7,8.066,,13.766
GERASIMOVA,Elena,w,ROC,25 July 2021,Olympic Games,qual,"Tokyo, Japan",BB,16,5.7,8.066,,13.766
GERASIMOVA,Elena,w,ROC,SUN 25 JUL 2021,Olympic Games,AAqual,"Tokyo, Japan",FX,60,5.3,7.033,,12.333
GERASIMOVA,Elena,w,ROC,25 July 2021,Olympic Games,qual,"Tokyo, Japan",FX,60,5.3,7.033,,12.333
GERASIMOVA,Elena,w,ROC,SUN 25 JUL 2021,Olympic Games,AAqual,"Tokyo, Japan",UE,40,5.8,7.433,,13.233
GERASIMOVA,Elena,w,ROC,25 July 2021,Olympic Games,qual,"Tokyo, Japan",UE,40,5.8,7.433,,13.233
GERASIMOVA,Elena,w,ROC,SUN 25 JUL 2021,Olympic Games,AAqual,"Tokyo, Japan",VT,54,4.6,8.866,,13.466
GODWIN,Georgia,w,AUS,SUN 25 JUL 2021,Olympic Games,AAqual,"Tokyo, Japan",BB,38,5.5,7.4,,12.9
GODWIN,Georgia,w,AUS,25 July 2021,Olympic Games,qual,"Tokyo, Japan",BB,38,5.5,7.4,,12.9
GODWIN,Georgia,w,AUS,SUN 25 JUL 2021,Olympic Games,AAqual,"Tokyo, Japan",FX,26,5.6,7.566,,13.166
GODWIN,Georgia,w,AUS,25 July 2021,Olympic Games,qual,"Tokyo, Japan",FX,26,5.6,7.566,0.3,13.166
GODWIN,Georgia,w,AUS,SUN 25 JUL 2021,Olympic Games,AAqual,"Tokyo, Japan",UE,45,5.4,7.633,,13.033
GODWIN,Georgia,w,AUS,25 July 2021,Olympic Games,qual,"Tokyo, Japan",UE,45,5.4,7.633,,13.033
GODWIN,Georgia,w,AUS,SUN 25 JUL 2021,Olympic Games,AAqual,"Tokyo, Japan",VT,44,4.8,8.966,,13.766
GONZALEZ,Marina,w,ESP,SUN 25 JUL 2021,Olympic Games,AAqual,"Tokyo, Japan",BB,55,5.2,7.166,,12.366
GONZALEZ,Marina,w,ESP,25 July 2021,Olympic Games,qual,"Tokyo, Japan",BB,55,5.2,7.166,,12.366
GONZALEZ,Marina,w,ESP,25 July 2021,Olympic Games,TeamQual,"Tokyo, Japan",BB,,5.2,7.166,,12.366
GONZALEZ,Marina,w,ESP,SUN 25 JUL 2021,Olympic Games,AAqual,"Tokyo, Japan",FX,36,5.1,7.766,,12.866
GONZALEZ,Marina,w,ESP,25 July 2021,Olympic Games,qual,"Tokyo, Japan",FX,36,5.1,7.766,,12.866
GONZALEZ,Marina,w,ESP,25 July 2021,Olympic Games,TeamQual,"Tokyo, Japan",FX,,5.1,7.766,,12.866
GONZALEZ,Marina,w,ESP,25 July 2021,Olympic Games,TeamQual,"Tokyo, Japan",UB,,4.3,6.733,,11.033
GONZALEZ,Marina,w,ESP,SUN 25 JUL 2021,Olympic Games,AAqual,"Tokyo, Japan",UE,81,4.3,6.733,,11.033
GONZALEZ,Marina,w,ESP,25 July 2021,Olympic Games,qual,"Tokyo, Japan",UE,81,4.3,6.733,,11.033
GONZALEZ,Marina,w,ESP,SUN 25 JUL 2021,Olympic Games,AAqual,"Tokyo, Japan",VT,67,4.6,8.633,,13.233
GONZALEZ,Marina,w,ESP,25 July 2021,Olympic Games,TeamQual,"Tokyo, Japan",VT,,4.6,8.633,,13.233
GUAN,Chenchen,w,CHN,25 July 2021,Olympic Games,qual,"Tokyo, Japan",BB,1,6.9,8.033,,14.933
GUAN,Chenchen,w,CHN,1 Aug 2021,Olympic Games,final,"Tokyo, Japan",BB,1,6.6,8.033,,14.63
HAEMMERLE,Elisa,w,AUT,SUN 25 JUL 2021,Olympic Games,AAqual,"Tokyo, Japan",BB,71,4.7,7.1,,11.8
HAEMMERLE,Elisa,w,AUT,25 July 2021,Olympic Games,qual,"Tokyo, Japan",BB,71,4.7,7.1,,11.8
HAEMMERLE,Elisa,w,AUT,SUN 25 JUL 2021,Olympic Games,AAqual,"Tokyo, Japan",FX,70,4.4,7.7,0.1,12
HAEMMERLE,Elisa,w,AUT,25 July 2021,Olympic Games,qual,"Tokyo, Japan",FX,70,4.4,7.7,0.1,12
HAEMMERLE,Elisa,w,AUT,SUN 25 JUL 2021,Olympic Games,AAqual,"Tokyo, Japan",UE,58,4.7,7.9,,12.6
HAEMMERLE,Elisa,w,AUT,25 July 2021,Olympic Games,qual,"Tokyo, Japan",UE,58,4.7,7.9,,12.6
HAEMMERLE,Elisa,w,AUT,SUN 25 JUL 2021,Olympic Games,AAqual,"Tokyo, Japan",VT,82,4.1,8.433,,12.533
HATAKEDA,Hitomi,w,JPN,SUN 25 JUL 2021,Olympic Games,AAqual,"Tokyo, Japan",BB,35,5.2,7.8,,13
HATAKEDA,Hitomi,w,JPN,25 July 2021,Olympic Games,qual,"Tokyo, Japan",BB,35,5.2,7.8,,13
HATAKEDA,Hitomi,w,JPN,25 July 2021,Olympic Games,TeamQual,"Tokyo, Japan",BB,,5.2,7.8,,13
HATAKEDA,Hitomi,w,JPN,1 Aug 2021,Olympic Games,TeamFinal,"Tokyo, Japan",BB,,5.4,7.933,,13.333
HATAKEDA,Hitomi,w,JPN,SUN 25 JUL 2021,Olympic Games,AAqual,"Tokyo, Japan",FX,22,5.4,7.933,,13.333
HATAKEDA,Hitomi,w,JPN,25 July 2021,Olympic Games,qual,"Tokyo, Japan",FX,22,5.4,7.933,,13.333
HATAKEDA,Hitomi,w,JPN,25 July 2021,Olympic Games,TeamQual,"Tokyo, Japan",FX,,5.4,7.933,,13.333
HATAKEDA,Hitomi,w,JPN,1 Aug 2021,Olympic Games,TeamFinal,"Tokyo, Japan",FX,,5.3,7.5,,12.8
HATAKEDA,Hitomi,w,JPN,25 July 2021,Olympic Games,TeamQual,"Tokyo, Japan",UB,,6.1,8.033,,14.133
HATAKEDA,Hitomi,w,JPN,1 Aug 2021,Olympic Games,TeamFinal,"Tokyo, Japan",UB,,6.1,8,,14.1
HATAKEDA,Hitomi,w,JPN,SUN 25 JUL 2021,Olympic Games,AAqual,"Tokyo, Japan",UE,21,6.1,8.033,,14.133
HATAKEDA,Hitomi,w,JPN,25 July 2021,Olympic Games,qual,"Tokyo, Japan",UE,21,6.1,8.033,,14.133
HATAKEDA,Hitomi,w,JPN,SUN 25 JUL 2021,Olympic Games,AAqual,"Tokyo, Japan",VT,83,5,7.566,0.3,12.266
HATAKEDA,Hitomi,w,JPN,25 July 2021,Olympic Games,TeamQual,"Tokyo, Japan",VT,,5,7.566,0.3,12.266
HEDUIT,Carolann,w,FRA,THU 29 JUL 2021,Olympic Games,AAfinal,"Tokyo, Japan",BB,14,5.1,7.466,,12.566
HEDUIT,Carolann,w,FRA,SUN 25 JUL 2021,Olympic Games,AAqual,"Tokyo, Japan",BB,28,5.2,8,,13.2
HEDUIT,Carolann,w,FRA,25 July 2021,Olympic Games,qual,"Tokyo, Japan",BB,28,5.2,8,,13.2
HEDUIT,Carolann,w,FRA,25 July 2021,Olympic Games,TeamQual,"Tokyo, Japan",BB,,5.2,8,,13.2
HEDUIT,Carolann,w,FRA,1 Aug 2021,Olympic Games,TeamFinal,"Tokyo, Japan",BB,,5.1,7.733,,12.833
HEDUIT,Carolann,w,FRA,THU 29 JUL 2021,Olympic Games,AAfinal,"Tokyo, Japan",FX,15,5.2,7.833,,13.033
HEDUIT,Carolann,w,FRA,SUN 25 JUL 2021,Olympic Games,AAqual,"Tokyo, Japan",FX,34,5.2,7.7,,12.9
HEDUIT,Carolann,w,FRA,25 July 2021,Olympic Games,qual,"Tokyo, Japan",FX,34,5.2,7.7,,12.9
HEDUIT,Carolann,w,FRA,25 July 2021,Olympic Games,TeamQual,"Tokyo, Japan",FX,,5.2,7.7,,12.9
HEDUIT,Carolann,w,FRA,1 Aug 2021,Olympic Games,TeamFinal,"Tokyo, Japan",FX,,5.2,7.9,,13.1
HEDUIT,Carolann,w,FRA,25 July 2021,Olympic Games,TeamQual,"Tokyo, Japan",UB,,5.9,8.066,,13.966
HEDUIT,Carolann,w,FRA,1 Aug 2021,Olympic Games,TeamFinal,"Tokyo, Japan",UB,,5.8,7.666,,13.466
HEDUIT,Carolann,w,FRA,THU 29 JUL 2021,Olympic Games,AAfinal,"Tokyo, Japan",UE,14,5.9,7.666,,13.566
HEDUIT,Carolann,w,FRA,SUN 25 JUL 2021,Olympic Games,AAqual,"Tokyo, Japan",UE,25,5.9,8.066,,13.966
HEDUIT,Carolann,w,FRA,25 July 2021,Olympic Games,qual,"Tokyo, Japan",UE,25,5.9,8.066,,13.966
HEDUIT,Carolann,w,FRA,THU 29 JUL 2021,Olympic Games,AAfinal,"Tokyo, Japan",VT,12,5.4,9,,14.4
HEDUIT,Carolann,w,FRA,SUN 25 JUL 2021,Olympic Games,AAqual,"Tokyo, Japan",VT,31,5.4,8.933,0.1,14.233
HEDUIT,Carolann,w,FRA,25 July 2021,Olympic Games,TeamQual,"Tokyo, Japan",VT,,5.4,8.933,0.1,14.233
HEDUIT,Carolann,w,FRA,1 Aug 2021,Olympic Games,TeamFinal,"Tokyo, Japan",VT,,5.4,8.8,,14.2
HIRAIWA,Yuna,w,JPN,SUN 25 JUL 2021,Olympic Games,AAqual,"Tokyo, Japan",BB,20,5.6,7.933,,13.533
HIRAIWA,Yuna,w,JPN,25 July 2021,Olympic Games,qual,"Tokyo, Japan",BB,20,5.6,7.933,,13.533
HIRAIWA,Yuna,w,JPN,25 July 2021,Olympic Games,TeamQual,"Tokyo, Japan",BB,,5.6,7.933,,13.533
HIRAIWA,Yuna,w,JPN,1 Aug 2021,Olympic Games,TeamFinal,"Tokyo, Japan",BB,,5.4,8.166,,13.566
HIRAIWA,Yuna,w,JPN,SUN 25 JUL 2021,Olympic Games,AAqual,"Tokyo, Japan",FX,47,5.2,7.766,0.3,12.666
HIRAIWA,Yuna,w,JPN,25 July 2021,Olympic Games,qual,"Tokyo, Japan",FX,47,5.2,7.766,0.3,12.666
HIRAIWA,Yuna,w,JPN,25 July 2021,Olympic Games,TeamQual,"Tokyo, Japan",FX,,5.2,7.766,0.3,12.666
HIRAIWA,Yuna,w,JPN,25 July 2021,Olympic Games,TeamQual,"Tokyo, Japan",UB,,5.2,6.5,,11.7
HIRAIWA,Yuna,w,JPN,SUN 25 JUL 2021,Olympic Games,AAqual,"Tokyo, Japan",UE,71,5.2,6.5,,11.7
HIRAIWA,Yuna,w,JPN,25 July 2021,Olympic Games,qual,"Tokyo, Japan",UE,71,5.2,6.5,,11.7
HIRAIWA,Yuna,w,JPN,SUN 25 JUL 2021,Olympic Games,AAqual,"Tokyo, Japan",VT,47,5,8.733,,13.733
HIRAIWA,Yuna,w,JPN,25 July 2021,Olympic Games,TeamQual,"Tokyo, Japan",VT,,5,8.733,,13.733
HIRAIWA,Yuna,w,JPN,1 Aug 2021,Olympic Games,TeamFinal,"Tokyo, Japan",VT,,5,8.9,,13.9
HOLASOVA,Aneta,w,CZE,SUN 25 JUL 2021,Olympic Games,AAqual,"Tokyo, Japan",BB,68,4.4,7.533,,11.933
HOLASOVA,Aneta,w,CZE,25 July 2021,Olympic Games,qual,"Tokyo, Japan",BB,68,4.4,7.533,,11.933
HOLASOVA,Aneta,w,CZE,SUN 25 JUL 2021,Olympic Games,AAqual,"Tokyo, Japan",FX,80,4.4,6.7,,11.1
HOLASOVA,Aneta,w,CZE,25 July 2021,Olympic Games,qual,"Tokyo, Japan",FX,80,4.4,6.7,0.1,11.1
HOLASOVA,Aneta,w,CZE,SUN 25 JUL 2021,Olympic Games,AAqual,"Tokyo, Japan",UE,77,4.3,7.233,,11.533
HOLASOVA,Aneta,w,CZE,25 July 2021,Olympic Games,qual,"Tokyo, Japan",UE,77,4.3,7.233,,11.533
HOLASOVA,Aneta,w,CZE,SUN 25 JUL 2021,Olympic Games,AAqual,"Tokyo, Japan",VT,81,4,8.566,,12.566
HOLBURA,Maria,w,ROU,SUN 25 JUL 2021,Olympic Games,AAqual,"Tokyo, Japan",BB,43,5.4,7.3,,12.7
HOLBURA,Maria,w,ROU,25 July 2021,Olympic Games,qual,"Tokyo, Japan",BB,43,5.4,7.3,,12.7
HOLBURA,Maria,w,ROU,SUN 25 JUL 2021,Olympic Games,AAqual,"Tokyo, Japan",FX,65,4.9,7.3,,12.2
HOLBURA,Maria,w,ROU,25 July 2021,Olympic Games,qual,"Tokyo, Japan",FX,65,4.9,7.3,,12.2
HOLBURA,Maria,w,ROU,SUN 25 JUL 2021,Olympic Games,AAqual,"Tokyo, Japan",UE,80,4.9,6.2,,11.1
HOLBURA,Maria,w,ROU,25 July 2021,Olympic Games,qual,"Tokyo, Japan",UE,80,4.9,6.2,,11.1
HOLBURA,Maria,w,ROU,SUN 25 JUL 2021,Olympic Games,AAqual,"Tokyo, Japan",VT,72,4.6,8.566,,13.166
ILIANKOVA,Anastasiia,w,ROC,25 July 2021,Olympic Games,qual,"Tokyo, Japan",BB,91,3.8,4.483,,
ILIANKOVA,Anastasiia,w,ROC,25 July 2021,Olympic Games,qual,"Tokyo, Japan",FX,,,,,
ILIANKOVA,Anastasiia,w,ROC,25 July 2021,Olympic Games,qual,"Tokyo, Japan",UE,3,6.4,8.566,,14.966
ILIANKOVA,Anastasiia,w,ROC,1 Aug 2021,Olympic Games,final,"Tokyo, Japan",UE,2,6.3,8.533,,14.83
IORDACHE,Larisa Andreea,w,ROU,25 July 2021,Olympic Games,qual,"Tokyo, Japan",BB,4,6.2,7.933,,14.133
JESUS SANT,,w,FRA,25 July 2021,Olympic Games,TeamQual,"Tokyo, Japan",BB,,5.3,7.933,,13.233
JESUS SANT,,w,FRA,1 Aug 2021,Olympic Games,TeamFinal,"Tokyo, Japan",BB,,5.6,7.966,,13.566
JESUS SANT,,w,FRA,25 July 2021,Olympic Games,TeamQual,"Tokyo, Japan",FX,,5.4,8.066,0.3,13.166
JESUS SANT,,w,FRA,1 Aug 2021,Olympic Games,TeamFinal,"Tokyo, Japan",FX,,5.6,8.1,,13.7
JESUS SANT,,w,FRA,25 July 2021,Olympic Games,TeamQual,"Tokyo, Japan",UB,,6.4,8.166,,14.566
JESUS SANT,,w,FRA,1 Aug 2021,Olympic Games,TeamFinal,"Tokyo, Japan",UB,,6.1,8.1,,14.2
JESUS SANT,,w,FRA,25 July 2021,Olympic Games,TeamQual,"Tokyo, Japan",VT,,5.4,9.166,0.1,14.466
JESUS SANT,,w,FRA,1 Aug 2021,Olympic Games,TeamFinal,"Tokyo, Japan",VT,,5.4,9.1,,14.5
JESUS SANTOS,Melanie,w,FRA,25 July 2021,Olympic Games,qual,"Tokyo, Japan",BB,26,5.3,7.933,,13.233
JESUS SANTOS,Melanie,w,FRA,25 July 2021,Olympic Games,qual,"Tokyo, Japan",FX,25,5.4,8.066,0.3,13.166
JESUS SANTOS,Melanie,w,FRA,25 July 2021,Olympic Games,qual,"Tokyo, Japan",UE,11,6.4,8.166,,14.566
JESUS SANTOS,Melanie,w,FRA,1 Aug 2021,Olympic Games,final,"Tokyo, Japan",UE,6,6.1,7.933,,14.03
KINSELLA,Alice,w,GBR,SUN 25 JUL 2021,Olympic Games,AAqual,"Tokyo, Japan",BB,63,5.5,6.6,,12.1
KINSELLA,Alice,w,GBR,25 July 2021,Olympic Games,qual,"Tokyo, Japan",BB,63,5.5,6.6,,12.1
KINSELLA,Alice,w,GBR,25 July 2021,Olympic Games,TeamQual,"Tokyo, Japan",BB,,5.5,6.6,,12.1
KINSELLA,Alice,w,GBR,1 Aug 2021,Olympic Games,TeamFinal,"Tokyo, Japan",BB,,5.7,7.633,,13.333
KINSELLA,Alice,w,GBR,SUN 25 JUL 2021,Olympic Games,AAqual,"Tokyo, Japan",FX,41,5.4,7.666,0.3,12.766
KINSELLA,Alice,w,GBR,25 July 2021,Olympic Games,qual,"Tokyo, Japan",FX,41,5.4,7.666,0.3,12.766
KINSELLA,Alice,w,GBR,25 July 2021,Olympic Games,TeamQual,"Tokyo, Japan",FX,,5.4,7.666,0.3,12.766
KINSELLA,Alice,w,GBR,1 Aug 2021,Olympic Games,TeamFinal,"Tokyo, Japan",FX,,4.9,7.9,,12.8
KINSELLA,Alice,w,GBR,25 July 2021,Olympic Games,TeamQual,"Tokyo, Japan",UB,,5.5,7.133,,12.633
KINSELLA,Alice,w,GBR,1 Aug 2021,Olympic Games,TeamFinal,"Tokyo, Japan",UB,,5.8,8.366,,14.166
KINSELLA,Alice,w,GBR,SUN 25 JUL 2021,Olympic Games,AAqual,"Tokyo, Japan",UE,57,5.5,7.133,,12.633
KINSELLA,Alice,w,GBR,25 July 2021,Olympic Games,qual,"Tokyo, Japan",UE,57,5.5,7.133,,12.633
KINSELLA,Alice,w,GBR,SUN 25 JUL 2021,Olympic Games,AAqual,"Tokyo, Japan",VT,35,5.4,8.766,,14.166
KINSELLA,Alice,w,GBR,25 July 2021,Olympic Games,TeamQual,"Tokyo, Japan",VT,,5.4,8.766,,14.166
KINSELLA,Alice,w,GBR,1 Aug 2021,Olympic Games,TeamFinal,"Tokyo, Japan",VT,,5.4,8.866,,14.266
KOVACS,Zsofia,w,HUN,THU 29 JUL 2021,Olympic Games,AAfinal,"Tokyo, Japan",BB,19,5.4,6.7,,12.1
KOVACS,Zsofia,w,HUN,SUN 25 JUL 2021,Olympic Games,AAqual,"Tokyo, Japan",BB,29,5.3,7.833,,13.133
KOVACS,Zsofia,w,HUN,25 July 2021,Olympic Games,qual,"Tokyo, Japan",BB,29,5.3,7.833,,13.133
KOVACS,Zsofia,w,HUN,THU 29 JUL 2021,Olympic Games,AAfinal,"Tokyo, Japan",FX,22,5,7.6,,12.6
KOVACS,Zsofia,w,HUN,SUN 25 JUL 2021,Olympic Games,AAqual,"Tokyo, Japan",FX,48,5,7.766,0.1,12.666
KOVACS,Zsofia,w,HUN,25 July 2021,Olympic Games,qual,"Tokyo, Japan",FX,48,5,7.766,0.1,12.666
KOVACS,Zsofia,w,HUN,THU 29 JUL 2021,Olympic Games,AAfinal,"Tokyo, Japan",UE,9,6.3,7.933,,14.233
KOVACS,Zsofia,w,HUN,SUN 25 JUL 2021,Olympic Games,AAqual,"Tokyo, Japan",UE,14,6.3,8.133,,14.433
KOVACS,Zsofia,w,HUN,25 July 2021,Olympic Games,qual,"Tokyo, Japan",UE,14,6.3,8.133,,14.433
KOVACS,Zsofia,w,HUN,THU 29 JUL 2021,Olympic Games,AAfinal,"Tokyo, Japan",VT,9,5.4,9.1,,14.5
KOVACS,Zsofia,w,HUN,SUN 25 JUL 2021,Olympic Games,AAqual,"Tokyo, Japan",VT,16,5.4,9.1,,14.5
LEE,Sunisa,w,USA,THU 29 JUL 2021,Olympic Games,AAfinal,"Tokyo, Japan",BB,2,6.1,7.733,,13.833
LEE,Sunisa,w,USA,SUN 25 JUL 2021,Olympic Games,AAqual,"Tokyo, Japan",BB,3,6.2,8,,14.2
LEE,Sunisa,w,USA,25 July 2021,Olympic Games,qual,"Tokyo, Japan",BB,3,6.2,8,,14.2
LEE,Sunisa,w,USA,1 Aug 2021,Olympic Games,final,"Tokyo, Japan",BB,5,6.4,7.466,,13.86
LEE,Sunisa,w,USA,25 July 2021,Olympic Games,TeamQual,"Tokyo, Japan",BB,,6.2,8,,14.2
LEE,Sunisa,w,USA,1 Aug 2021,Olympic Games,TeamFinal,"Tokyo, Japan",BB,,6.2,7.933,,14.133
LEE,Sunisa,w,USA,THU 29 JUL 2021,Olympic Games,AAfinal,"Tokyo, Japan",FX,5,5.6,8.1,,13.7
LEE,Sunisa,w,USA,SUN 25 JUL 2021,Olympic Games,AAqual,"Tokyo, Japan",FX,18,5.6,7.833,,13.433
LEE,Sunisa,w,USA,25 July 2021,Olympic Games,qual,"Tokyo, Japan",FX,18,5.6,7.833,,13.433
LEE,Sunisa,w,USA,25 July 2021,Olympic Games,TeamQual,"Tokyo, Japan",FX,,5.6,7.833,,13.433
LEE,Sunisa,w,USA,1 Aug 2021,Olympic Games,TeamFinal,"Tokyo, Japan",FX,,5.7,7.966,,13.666
LEE,Sunisa,w,USA,25 July 2021,Olympic Games,TeamQual,"Tokyo, Japan",UB,,6.6,8.6,,15.2
LEE,Sunisa,w,USA,1 Aug 2021,Olympic Games,TeamFinal,"Tokyo, Japan",UB,,6.8,8.6,,15.4
LEE,Sunisa,w,USA,THU 29 JUL 2021,Olympic Games,AAfinal,"Tokyo, Japan",UE,1,6.8,8.5,,15.3
LEE,Sunisa,w,USA,SUN 25 JUL 2021,Olympic Games,AAqual,"Tokyo, Japan",UE,2,6.6,8.6,,15.2
LEE,Sunisa,w,USA,25 July 2021,Olympic Games,qual,"Tokyo, Japan",UE,2,6.6,8.6,,15.2
LEE,Sunisa,w,USA,1 Aug 2021,Olympic Games,final,"Tokyo, Japan",UE,3,6.2,8.3,,14.5
LEE,Sunisa,w,USA,THU 29 JUL 2021,Olympic Games,AAfinal,"Tokyo, Japan",VT,5,5.4,9.2,,14.6
LEE,Sunisa,w,USA,SUN 25 JUL 2021,Olympic Games,AAqual,"Tokyo, Japan",VT,24,5.4,8.933,,14.333
LEE,Sunisa,w,USA,25 July 2021,Olympic Games,TeamQual,"Tokyo, Japan",VT,,5.4,8.933,,14.333
LEE,Yunseo,w,KOR,THU 29 JUL 2021,Olympic Games,AAfinal,"Tokyo, Japan",BB,24,4.7,6.566,,11.266
LEE,Yunseo,w,KOR,SUN 25 JUL 2021,Olympic Games,AAqual,"Tokyo, Japan",BB,42,5.5,7.341,,12.841
LEE,Yunseo,w,KOR,25 July 2021,Olympic Games,qual,"Tokyo, Japan",BB,42,5.5,7.341,,12.841
LEE,Yunseo,w,KOR,THU 29 JUL 2021,Olympic Games,AAfinal,"Tokyo, Japan",FX,20,5.2,7.466,,12.666
LEE,Yunseo,w,KOR,SUN 25 JUL 2021,Olympic Games,AAqual,"Tokyo, Japan",FX,30,5.2,7.766,,12.966
LEE,Yunseo,w,KOR,25 July 2021,Olympic Games,qual,"Tokyo, Japan",FX,30,5.2,7.766,,12.966
LEE,Yunseo,w,KOR,THU 29 JUL 2021,Olympic Games,AAfinal,"Tokyo, Japan",UE,7,6.3,8,,14.3
LEE,Yunseo,w,KOR,SUN 25 JUL 2021,Olympic Games,AAqual,"Tokyo, Japan",UE,16,6.3,8.033,,14.333
LEE,Yunseo,w,KOR,25 July 2021,Olympic Games,qual,"Tokyo, Japan",UE,16,6.3,8.033,,14.333
LEE,Yunseo,w,KOR,THU 29 JUL 2021,Olympic Games,AAfinal,"Tokyo, Japan",VT,22,4.6,8.8,,13.4
LEE,Yunseo,w,KOR,SUN 25 JUL 2021,Olympic Games,AAqual,"Tokyo, Japan",VT,61,4.6,8.8,,13.4
LISTUNOVA,Viktoriia,w,ROC,SUN 25 JUL 2021,Olympic Games,AAqual,"Tokyo, Japan",BB,13,5.6,8.266,,13.866
LISTUNOVA,Viktoriia,w,ROC,25 July 2021,Olympic Games,qual,"Tokyo, Japan",BB,13,5.6,8.266,,13.866
LISTUNOVA,Viktoriia,w,ROC,25 July 2021,Olympic Games,TeamQual,"Tokyo, Japan",BB,,5.6,8.266,,13.866
LISTUNOVA,Viktoriia,w,ROC,1 Aug 2021,Olympic Games,TeamFinal,"Tokyo, Japan",BB,,6,8.333,,14.333
LISTUNOVA,Viktoriia,w,ROC,SUN 25 JUL 2021,Olympic Games,AAqual,"Tokyo, Japan",FX,6,5.6,8.4,,14
LISTUNOVA,Viktoriia,w,ROC,25 July 2021,Olympic Games,qual,"Tokyo, Japan",FX,6,5.6,8.4,,14
LISTUNOVA,Viktoriia,w,ROC,1 Aug 2021,Olympic Games,final,"Tokyo, Japan",FX,8,5.2,7.3,0.1,12.4
LISTUNOVA,Viktoriia,w,ROC,25 July 2021,Olympic Games,TeamQual,"Tokyo, Japan",FX,,5.6,8.4,,14
LISTUNOVA,Viktoriia,w,ROC,1 Aug 2021,Olympic Games,TeamFinal,"Tokyo, Japan",FX,,5.7,8.466,,14.166
LISTUNOVA,Viktoriia,w,ROC,25 July 2021,Olympic Games,TeamQual,"Tokyo, Japan",UB,,6.4,8.366,,14.766
LISTUNOVA,Viktoriia,w,ROC,1 Aug 2021,Olympic Games,TeamFinal,"Tokyo, Japan",UB,,6.4,8.5,,14.9
LISTUNOVA,Viktoriia,w,ROC,SUN 25 JUL 2021,Olympic Games,AAqual,"Tokyo, Japan",UE,6,6.4,8.366,,14.766
LISTUNOVA,Viktoriia,w,ROC,25 July 2021,Olympic Games,qual,"Tokyo, Japan",UE,6,6.4,8.366,,14.766
LISTUNOVA,Viktoriia,w,ROC,SUN 25 JUL 2021,Olympic Games,AAqual,"Tokyo, Japan",VT,26,5.4,8.9,,14.3
LISTUNOVA,Viktoriia,w,ROC,25 July 2021,Olympic Games,TeamQual,"Tokyo, Japan",VT,,5.4,8.9,,14.3
LU,Yufei,w,CHN,THU 29 JUL 2021,Olympic Games,AAfinal,"Tokyo, Japan",BB,7,5.8,7.333,,13.133
LU,Yufei,w,CHN,SUN 25 JUL 2021,Olympic Games,AAqual,"Tokyo, Japan",BB,5,6,8.1,,14.1
LU,Yufei,w,CHN,25 July 2021,Olympic Games,qual,"Tokyo, Japan",BB,5,6,8.1,,14.1
LU,Yufei,w,CHN,25 July 2021,Olympic Games,TeamQual,"Tokyo, Japan",BB,,6,8.1,,14.1
LU,Yufei,w,CHN,1 Aug 2021,Olympic Games,TeamFinal,"Tokyo, Japan",BB,,6,7.966,,13.966
LU,Yufei,w,CHN,THU 29 JUL 2021,Olympic Games,AAfinal,"Tokyo, Japan",FX,19,5,7.833,,12.833
LU,Yufei,w,CHN,SUN 25 JUL 2021,Olympic Games,AAqual,"Tokyo, Japan",FX,48,5,7.766,0.1,12.666
LU,Yufei,w,CHN,25 July 2021,Olympic Games,qual,"Tokyo, Japan",FX,48,5,7.766,0.1,12.666
LU,Yufei,w,CHN,25 July 2021,Olympic Games,TeamQual,"Tokyo, Japan",FX,,5,7.766,0.1,12.666
LU,Yufei,w,CHN,1 Aug 2021,Olympic Games,TeamFinal,"Tokyo, Japan",FX,,5.2,7.966,,13.166
LU,Yufei,w,CHN,25 July 2021,Olympic Games,TeamQual,"Tokyo, Japan",UB,,6.2,8.5,,14.7
LU,Yufei,w,CHN,1 Aug 2021,Olympic Games,TeamFinal,"Tokyo, Japan",UB,,6.1,7.233,,13.333
LU,Yufei,w,CHN,THU 29 JUL 2021,Olympic Games,AAfinal,"Tokyo, Japan",UE,17,6,7.333,,13.333
LU,Yufei,w,CHN,SUN 25 JUL 2021,Olympic Games,AAqual,"Tokyo, Japan",UE,7,6.2,8.5,,14.7
LU,Yufei,w,CHN,25 July 2021,Olympic Games,qual,"Tokyo, Japan",UE,7,6.2,8.5,,14.7
LU,Yufei,w,CHN,1 Aug 2021,Olympic Games,final,"Tokyo, Japan",UE,4,6,8.4,,14.4
LU,Yufei,w,CHN,THU 29 JUL 2021,Olympic Games,AAfinal,"Tokyo, Japan",VT,20,4.8,8.7,,13.5
LU,Yufei,w,CHN,SUN 25 JUL 2021,Olympic Games,AAqual,"Tokyo, Japan",VT,50,4.8,8.8,,13.6
LU,Yufei,w,CHN,25 July 2021,Olympic Games,TeamQual,"Tokyo, Japan",VT,,4.8,8.8,,13.6
MAGGIO,Martina,w,ITA,THU 29 JUL 2021,Olympic Games,AAfinal,"Tokyo, Japan",BB,8,5,8.066,,13.066
MAGGIO,Martina,w,ITA,SUN 25 JUL 2021,Olympic Games,AAqual,"Tokyo, Japan",BB,31,5,8.066,,13.066
MAGGIO,Martina,w,ITA,25 July 2021,Olympic Games,qual,"Tokyo, Japan",BB,31,5,8.066,,13.066
MAGGIO,Martina,w,ITA,25 July 2021,Olympic Games,TeamQual,"Tokyo, Japan",BB,,5,8.066,,13.066
MAGGIO,Martina,w,ITA,1 Aug 2021,Olympic Games,TeamFinal,"Tokyo, Japan",BB,,4.9,8.175,,13.075
MAGGIO,Martina,w,ITA,THU 29 JUL 2021,Olympic Games,AAfinal,"Tokyo, Japan",FX,16,5,8,,13
MAGGIO,Martina,w,ITA,SUN 25 JUL 2021,Olympic Games,AAqual,"Tokyo, Japan",FX,45,4.9,7.8,,12.7
MAGGIO,Martina,w,ITA,25 July 2021,Olympic Games,qual,"Tokyo, Japan",FX,45,4.9,7.8,0.1,12.7
MAGGIO,Martina,w,ITA,25 July 2021,Olympic Games,TeamQual,"Tokyo, Japan",FX,,4.9,7.8,,12.7
MAGGIO,Martina,w,ITA,25 July 2021,Olympic Games,TeamQual,"Tokyo, Japan",UB,,5.9,7.8,,13.7
MAGGIO,Martina,w,ITA,1 Aug 2021,Olympic Games,TeamFinal,"Tokyo, Japan",UB,,5.7,7.733,,13.433
MAGGIO,Martina,w,ITA,THU 29 JUL 2021,Olympic Games,AAfinal,"Tokyo, Japan",UE,22,5.5,6.966,,12.466
MAGGIO,Martina,w,ITA,SUN 25 JUL 2021,Olympic Games,AAqual,"Tokyo, Japan",UE,30,5.9,7.8,,13.7
MAGGIO,Martina,w,ITA,25 July 2021,Olympic Games,qual,"Tokyo, Japan",UE,30,5.9,7.8,,13.7
MAGGIO,Martina,w,ITA,THU 29 JUL 2021,Olympic Games,AAfinal,"Tokyo, Japan",VT,18,5,9.033,,14.033
MAGGIO,Martina,w,ITA,SUN 25 JUL 2021,Olympic Games,AAqual,"Tokyo, Japan",VT,38,5,9.1,,14.1
MAGGIO,Martina,w,ITA,25 July 2021,Olympic Games,TeamQual,"Tokyo, Japan",VT,,5,9.1,,14.1
MAGISTRATI,Abigail,w,ARG,SUN 25 JUL 2021,Olympic Games,AAqual,"Tokyo, Japan",BB,81,4.9,6.333,,11.233
MAGISTRATI,Abigail,w,ARG,25 July 2021,Olympic Games,qual,"Tokyo, Japan",BB,81,4.9,6.333,,11.233
MAGISTRATI,Abigail,w,ARG,SUN 25 JUL 2021,Olympic Games,AAqual,"Tokyo, Japan",FX,67,4.5,7.633,,12.133
MAGISTRATI,Abigail,w,ARG,25 July 2021,Olympic Games,qual,"Tokyo, Japan",FX,67,4.5,7.633,,12.133
MAGISTRATI,Abigail,w,ARG,SUN 25 JUL 2021,Olympic Games,AAqual,"Tokyo, Japan",UE,79,5,6.533,,11.533
MAGISTRATI,Abigail,w,ARG,25 July 2021,Olympic Games,qual,"Tokyo, Japan",UE,79,5,6.533,,11.533
MAGISTRATI,Abigail,w,ARG,SUN 25 JUL 2021,Olympic Games,AAqual,"Tokyo, Japan",VT,63,4.6,8.766,,13.366
MARTINS,Filipa,w,POR,SUN 25 JUL 2021,Olympic Games,AAqual,"Tokyo, Japan",BB,69,5.1,6.866,0.1,11.866
MARTINS,Filipa,w,POR,25 July 2021,Olympic Games,qual,"Tokyo, Japan",BB,69,5.1,6.866,0.1,11.866
MARTINS,Filipa,w,POR,SUN 25 JUL 2021,Olympic Games,AAqual,"Tokyo, Japan",FX,46,4.7,7.966,,12.666
MARTINS,Filipa,w,POR,25 July 2021,Olympic Games,qual,"Tokyo, Japan",FX,46,4.7,7.966,,12.666
MARTINS,Filipa,w,POR,SUN 25 JUL 2021,Olympic Games,AAqual,"Tokyo, Japan",UE,17,6,8.3,,14.3
MARTINS,Filipa,w,POR,25 July 2021,Olympic Games,qual,"Tokyo, Japan",UE,17,6,8.3,,14.3
MARTINS,Filipa,w,POR,SUN 25 JUL 2021,Olympic Games,AAqual,"Tokyo, Japan",VT,54,4.6,8.866,,13.466
MELNIKOVA,Angelina,w,ROC,THU 29 JUL 2021,Olympic Games,AAfinal,"Tokyo, Japan",BB,4,5.4,8.3,,13.7
MELNIKOVA,Angelina,w,ROC,SUN 25 JUL 2021,Olympic Games,AAqual,"Tokyo, Japan",BB,17,5.5,8.233,,13.733
MELNIKOVA,Angelina,w,ROC,25 July 2021,Olympic Games,qual,"Tokyo, Japan",BB,17,5.5,8.233,,13.733
MELNIKOVA,Angelina,w,ROC,25 July 2021,Olympic Games,TeamQual,"Tokyo, Japan",BB,,5.5,8.233,,13.733
MELNIKOVA,Angelina,w,ROC,1 Aug 2021,Olympic Games,TeamFinal,"Tokyo, Japan",BB,,5.4,7.166,,12.566
MELNIKOVA,Angelina,w,ROC,THU 29 JUL 2021,Olympic Games,AAfinal,"Tokyo, Japan",FX,2,5.7,8.266,,13.966
MELNIKOVA,Angelina,w,ROC,SUN 25 JUL 2021,Olympic Games,AAqual,"Tokyo, Japan",FX,7,5.8,8.2,,14
MELNIKOVA,Angelina,w,ROC,25 July 2021,Olympic Games,qual,"Tokyo, Japan",FX,7,5.8,8.2,,14
MELNIKOVA,Angelina,w,ROC,1 Aug 2021,Olympic Games,final,"Tokyo, Japan",FX,3,5.9,8.266,,14.16
MELNIKOVA,Angelina,w,ROC,25 July 2021,Olympic Games,TeamQual,"Tokyo, Japan",FX,,5.8,8.2,,14
MELNIKOVA,Angelina,w,ROC,1 Aug 2021,Olympic Games,TeamFinal,"Tokyo, Japan",FX,,5.7,8.266,,13.966
MELNIKOVA,Angelina,w,ROC,25 July 2021,Olympic Games,TeamQual,"Tokyo, Japan",UB,,6.3,8.633,,14.933
MELNIKOVA,Angelina,w,ROC,1 Aug 2021,Olympic Games,TeamFinal,"Tokyo, Japan",UB,,6.3,8.633,,14.933
MELNIKOVA,Angelina,w,ROC,THU 29 JUL 2021,Olympic Games,AAfinal,"Tokyo, Japan",UE,3,6.3,8.6,,14.9
MELNIKOVA,Angelina,w,ROC,SUN 25 JUL 2021,Olympic Games,AAqual,"Tokyo, Japan",UE,4,6.3,8.633,,14.933
MELNIKOVA,Angelina,w,ROC,25 July 2021,Olympic Games,qual,"Tokyo, Japan",UE,4,6.3,8.633,,14.933
MELNIKOVA,Angelina,w,ROC,1 Aug 2021,Olympic Games,final,"Tokyo, Japan",UE,8,5.9,7.166,,13.06
MELNIKOVA,Angelina,w,ROC,THU 29 JUL 2021,Olympic Games,AAfinal,"Tokyo, Japan",VT,4,5.4,9.233,,14.633
MELNIKOVA,Angelina,w,ROC,SUN 25 JUL 2021,Olympic Games,AAqual,"Tokyo, Japan",VT,20,5.4,9.066,,14.466
MELNIKOVA,Angelina,w,ROC,25 July 2021,Olympic Games,TeamQual,"Tokyo, Japan",VT,,5.4,9.066,,14.466
MELNIKOVA,Angelina,w,ROC,1 Aug 2021,Olympic Games,TeamFinal,"Tokyo, Japan",VT,,5.4,9.2,,14.6
MELNIKOVA,Angelina,w,ROC,25 July 2021,Olympic Games,qual,"Tokyo, Japan",VT1,9,5.4,9.066,0.1,14.466
MELNIKOVA,Angelina,w,ROC,1 Aug 2021,Olympic Games,final,"Tokyo, Japan",VT1,5,5.4,9.266,,14.666
MELNIKOVA,Angelina,w,ROC,25 July 2021,Olympic Games,qual,"Tokyo, Japan",VT2,9,6,8.866,0.1,14.766
MELNIKOVA,Angelina,w,ROC,1 Aug 2021,Olympic Games,final,"Tokyo, Japan",VT2,5,6,8.8,0.1,14.7
MOHAMED,Mandy,w,EGY,SUN 25 JUL 2021,Olympic Games,AAqual,"Tokyo, Japan",BB,82,4.5,6.7,,11.2
MOHAMED,Mandy,w,EGY,25 July 2021,Olympic Games,qual,"Tokyo, Japan",BB,82,4.5,6.7,,11.2
MOHAMED,Mandy,w,EGY,SUN 25 JUL 2021,Olympic Games,AAqual,"Tokyo, Japan",FX,38,5.1,7.733,,12.833
MOHAMED,Mandy,w,EGY,25 July 2021,Olympic Games,qual,"Tokyo, Japan",FX,38,5.1,7.733,,12.833
MOHAMED,Mandy,w,EGY,SUN 25 JUL 2021,Olympic Games,AAqual,"Tokyo, Japan",UE,73,4.6,7,,11.6
MOHAMED,Mandy,w,EGY,25 July 2021,Olympic Games,qual,"Tokyo, Japan",UE,73,4.6,7,,11.6
MOHAMED,Mandy,w,EGY,SUN 25 JUL 2021,Olympic Games,AAqual,"Tokyo, Japan",VT,67,4.6,8.633,,13.233
MOKOSOVA,Barbora,w,SVK,SUN 25 JUL 2021,Olympic Games,AAqual,"Tokyo, Japan",BB,72,4.1,7.6,,11.7
MOKOSOVA,Barbora,w,SVK,25 July 2021,Olympic Games,qual,"Tokyo, Japan",BB,72,4.1,7.6,,11.7
MOKOSOVA,Barbora,w,SVK,SUN 25 JUL 2021,Olympic Games,AAqual,"Tokyo, Japan",FX,37,4.8,8.033,,12.833
MOKOSOVA,Barbora,w,SVK,25 July 2021,Olympic Games,qual,"Tokyo, Japan",FX,37,4.8,8.033,,12.833
MOKOSOVA,Barbora,w,SVK,SUN 25 JUL 2021,Olympic Games,AAqual,"Tokyo, Japan",UE,38,5.7,7.633,,13.333
MOKOSOVA,Barbora,w,SVK,25 July 2021,Olympic Games,qual,"Tokyo, Japan",UE,38,5.7,7.633,,13.333
MOKOSOVA,Barbora,w,SVK,SUN 25 JUL 2021,Olympic Games,AAqual,"Tokyo, Japan",VT,65,4.6,8.733,,13.333
MOORS,Brooklyn,w,CAN,THU 29 JUL 2021,Olympic Games,AAfinal,"Tokyo, Japan",BB,15,5,7.433,,12.433
MOORS,Brooklyn,w,CAN,SUN 25 JUL 2021,Olympic Games,AAqual,"Tokyo, Japan",BB,25,5.4,7.9,,13.3
MOORS,Brooklyn,w,CAN,25 July 2021,Olympic Games,qual,"Tokyo, Japan",BB,25,5.4,7.9,,13.3
MOORS,Brooklyn,w,CAN,25 July 2021,Olympic Games,TeamQual,"Tokyo, Japan",BB,,5.4,7.9,,13.3
MOORS,Brooklyn,w,CAN,THU 29 JUL 2021,Olympic Games,AAfinal,"Tokyo, Japan",FX,8,5.2,8.366,,13.566
MOORS,Brooklyn,w,CAN,SUN 25 JUL 2021,Olympic Games,AAqual,"Tokyo, Japan",FX,15,5.1,8.433,,13.533
MOORS,Brooklyn,w,CAN,25 July 2021,Olympic Games,qual,"Tokyo, Japan",FX,15,5.1,8.433,,13.533
MOORS,Brooklyn,w,CAN,25 July 2021,Olympic Games,TeamQual,"Tokyo, Japan",FX,,5.1,8.433,,13.533
MOORS,Brooklyn,w,CAN,25 July 2021,Olympic Games,TeamQual,"Tokyo, Japan",UB,,5,8,,13
MOORS,Brooklyn,w,CAN,THU 29 JUL 2021,Olympic Games,AAfinal,"Tokyo, Japan",UE,18,5,8,,13
MOORS,Brooklyn,w,CAN,SUN 25 JUL 2021,Olympic Games,AAqual,"Tokyo, Japan",UE,46,5,8,,13
MOORS,Brooklyn,w,CAN,25 July 2021,Olympic Games,qual,"Tokyo, Japan",UE,46,5,8,,13
MOORS,Brooklyn,w,CAN,THU 29 JUL 2021,Olympic Games,AAfinal,"Tokyo, Japan",VT,14,5.4,8.9,,14.3
MOORS,Brooklyn,w,CAN,SUN 25 JUL 2021,Olympic Games,AAqual,"Tokyo, Japan",VT,37,5.4,8.733,,14.133
MOORS,Brooklyn,w,CAN,25 July 2021,Olympic Games,TeamQual,"Tokyo, Japan",VT,,5.4,8.733,,14.133
MORENO,Alexa,w,MEX,SUN 25 JUL 2021,Olympic Games,AAqual,"Tokyo, Japan",BB,83,5.2,5.966,0.1,11.066
MORENO,Alexa,w,MEX,25 July 2021,Olympic Games,qual,"Tokyo, Japan",BB,83,5.2,5.966,0.1,11.066
MORENO,Alexa,w,MEX,SUN 25 JUL 2021,Olympic Games,AAqual,"Tokyo, Japan",FX,60,5.3,7.033,,12.333
MORENO,Alexa,w,MEX,25 July 2021,Olympic Games,qual,"Tokyo, Japan",FX,60,5.3,7.033,,12.333
MORENO,Alexa,w,MEX,SUN 25 JUL 2021,Olympic Games,AAqual,"Tokyo, Japan",UE,59,5.2,7.366,,12.566
MORENO,Alexa,w,MEX,25 July 2021,Olympic Games,qual,"Tokyo, Japan",UE,59,5.2,7.366,,12.566
MORENO,Alexa,w,MEX,SUN 25 JUL 2021,Olympic Games,AAqual,"Tokyo, Japan",VT,8,5.8,9.033,,14.833
MORENO,Alexa,w,MEX,25 July 2021,Olympic Games,qual,"Tokyo, Japan",VT1,8,5.8,9.033,,14.833
MORENO,Alexa,w,MEX,1 Aug 2021,Olympic Games,final,"Tokyo, Japan",VT1,4,5.8,8.966,,14.766
MORENO,Alexa,w,MEX,25 July 2021,Olympic Games,qual,"Tokyo, Japan",VT2,8,5.6,8.933,0.1,14.433
MORENO,Alexa,w,MEX,1 Aug 2021,Olympic Games,final,"Tokyo, Japan",VT2,4,5.6,9.066,,14.666
MORGAN,Amelie,w,GBR,SUN 25 JUL 2021,Olympic Games,AAqual,"Tokyo, Japan",BB,34,5.5,7.533,,13.033
MORGAN,Amelie,w,GBR,25 July 2021,Olympic Games,qual,"Tokyo, Japan",BB,34,5.5,7.533,,13.033
MORGAN,Amelie,w,GBR,25 July 2021,Olympic Games,TeamQual,"Tokyo, Japan",BB,,5.5,7.533,,13.033
MORGAN,Amelie,w,GBR,1 Aug 2021,Olympic Games,TeamFinal,"Tokyo, Japan",BB,,5.5,6.733,,12.233
MORGAN,Amelie,w,GBR,SUN 25 JUL 2021,Olympic Games,AAqual,"Tokyo, Japan",FX,57,4.5,7.966,,12.466
MORGAN,Amelie,w,GBR,25 July 2021,Olympic Games,qual,"Tokyo, Japan",FX,57,4.5,7.966,0.3,12.466
MORGAN,Amelie,w,GBR,25 July 2021,Olympic Games,TeamQual,"Tokyo, Japan",FX,,4.5,7.966,,12.466
MORGAN,Amelie,w,GBR,25 July 2021,Olympic Games,TeamQual,"Tokyo, Japan",UB,,5.8,8.033,,13.833
MORGAN,Amelie,w,GBR,1 Aug 2021,Olympic Games,TeamFinal,"Tokyo, Japan",UB,,5.8,8.233,,14.033
MORGAN,Amelie,w,GBR,SUN 25 JUL 2021,Olympic Games,AAqual,"Tokyo, Japan",UE,28,5.8,8.033,,13.833
MORGAN,Amelie,w,GBR,25 July 2021,Olympic Games,qual,"Tokyo, Japan",UE,28,5.8,8.033,,13.833
MORGAN,Amelie,w,GBR,SUN 25 JUL 2021,Olympic Games,AAqual,"Tokyo, Japan",VT,43,4.6,9.258,,13.858
MORGAN,Amelie,w,GBR,25 July 2021,Olympic Games,TeamQual,"Tokyo, Japan",VT,,4.6,9.258,,13.858
MORI,Lara,w,ITA,25 July 2021,Olympic Games,qual,"Tokyo, Japan",BB,62,5.1,7.033,,12.133
MORI,Lara,w,ITA,25 July 2021,Olympic Games,qual,"Tokyo, Japan",FX,19,5.3,8.1,,13.4
MURAKAMI,Mai,w,JPN,THU 29 JUL 2021,Olympic Games,AAfinal,"Tokyo, Japan",BB,3,5.8,7.966,,13.766
MURAKAMI,Mai,w,JPN,SUN 25 JUL 2021,Olympic Games,AAqual,"Tokyo, Japan",BB,21,5.7,7.766,,13.466
MURAKAMI,Mai,w,JPN,25 July 2021,Olympic Games,qual,"Tokyo, Japan",BB,21,5.7,7.766,,13.466
MURAKAMI,Mai,w,JPN,25 July 2021,Olympic Games,TeamQual,"Tokyo, Japan",BB,,5.7,7.766,,13.466
MURAKAMI,Mai,w,JPN,1 Aug 2021,Olympic Games,TeamFinal,"Tokyo, Japan",BB,,5.8,8.033,,13.833
MURAKAMI,Mai,w,JPN,THU 29 JUL 2021,Olympic Games,AAfinal,"Tokyo, Japan",FX,1,5.9,8.1,,14
MURAKAMI,Mai,w,JPN,SUN 25 JUL 2021,Olympic Games,AAqual,"Tokyo, Japan",FX,8,5.8,8.133,,13.933
MURAKAMI,Mai,w,JPN,25 July 2021,Olympic Games,qual,"Tokyo, Japan",FX,8,5.8,8.133,,13.933
MURAKAMI,Mai,w,JPN,1 Aug 2021,Olympic Games,final,"Tokyo, Japan",FX,3,5.9,8.266,,14.16
MURAKAMI,Mai,w,JPN,25 July 2021,Olympic Games,TeamQual,"Tokyo, Japan",FX,,5.8,8.133,,13.933
MURAKAMI,Mai,w,JPN,1 Aug 2021,Olympic Games,TeamFinal,"Tokyo, Japan",FX,,5.8,8.266,,14.066
MURAKAMI,Mai,w,JPN,25 July 2021,Olympic Games,TeamQual,"Tokyo, Japan",UB,,5.4,6.733,,12.133
MURAKAMI,Mai,w,JPN,1 Aug 2021,Olympic Games,TeamFinal,"Tokyo, Japan",UB,,5.7,7,,12.7
MURAKAMI,Mai,w,JPN,THU 29 JUL 2021,Olympic Games,AAfinal,"Tokyo, Japan",UE,12,5.9,7.833,,13.733
MURAKAMI,Mai,w,JPN,SUN 25 JUL 2021,Olympic Games,AAqual,"Tokyo, Japan",UE,64,5.4,6.733,,12.133
MURAKAMI,Mai,w,JPN,25 July 2021,Olympic Games,qual,"Tokyo, Japan",UE,64,5.4,6.733,,12.133
MURAKAMI,Mai,w,JPN,THU 29 JUL 2021,Olympic Games,AAfinal,"Tokyo, Japan",VT,8,5.4,9.133,,14.533
MURAKAMI,Mai,w,JPN,SUN 25 JUL 2021,Olympic Games,AAqual,"Tokyo, Japan",VT,21,5.4,9.033,,14.433
MURAKAMI,Mai,w,JPN,25 July 2021,Olympic Games,TeamQual,"Tokyo, Japan",VT,,5.4,9.033,,14.433
MURAKAMI,Mai,w,JPN,1 Aug 2021,Olympic Games,TeamFinal,"Tokyo, Japan",VT,,5.4,8.866,,14.266
MURAKAMI,Mai,w,JPN,25 July 2021,Olympic Games,qual,"Tokyo, Japan",VT1,11,5.4,9.033,,14.433
MURAKAMI,Mai,w,JPN,25 July 2021,Olympic Games,qual,"Tokyo, Japan",VT2,11,5.8,8.7,,14.5
Mc,CALLUM,w,USA,SUN 25 JUL 2021,Olympic Games,AAqual,"Tokyo, Japan",BB,32,5.2,7.866,,13.066
Mc,CALLUM,w,USA,SUN 25 JUL 2021,Olympic Games,AAqual,"Tokyo, Japan",FX,16,5.6,7.966,0.1,13.466
Mc,CALLUM,w,USA,SUN 25 JUL 2021,Olympic Games,AAqual,"Tokyo, Japan",UE,22,5.8,8.3,,14.1
Mc,CALLUM,w,USA,SUN 25 JUL 2021,Olympic Games,AAqual,"Tokyo, Japan",VT,13,5.4,9.133,,14.533
NAYAK,Pranati,w,IND,SUN 25 JUL 2021,Olympic Games,AAqual,"Tokyo, Japan",BB,89,4.5,4.933,,9.433
NAYAK,Pranati,w,IND,25 July 2021,Olympic Games,qual,"Tokyo, Japan",BB,89,4.5,4.933,,9.4
NAYAK,Pranati,w,IND,SUN 25 JUL 2021,Olympic Games,AAqual,"Tokyo, Japan",FX,83,4.4,6.233,,10.633
NAYAK,Pranati,w,IND,25 July 2021,Olympic Games,qual,"Tokyo, Japan",FX,83,4.4,6.233,,10.633
NAYAK,Pranati,w,IND,SUN 25 JUL 2021,Olympic Games,AAqual,"Tokyo, Japan",UE,86,4.1,4.933,,9.033
NAYAK,Pranati,w,IND,25 July 2021,Olympic Games,qual,"Tokyo, Japan",UE,86,4.1,4.933,,9
NAYAK,Pranati,w,IND,SUN 25 JUL 2021,Olympic Games,AAqual,"Tokyo, Japan",VT,58,5,8.466,,13.466
NEKRASOVA,Marina,w,AZE,SUN 25 JUL 2021,Olympic Games,AAqual,"Tokyo, Japan",BB,58,4.8,7.466,,12.266
NEKRASOVA,Marina,w,AZE,25 July 2021,Olympic Games,qual,"Tokyo, Japan",BB,58,4.8,7.466,,12.266
NEKRASOVA,Marina,w,AZE,SUN 25 JUL 2021,Olympic Games,AAqual,"Tokyo, Japan",FX,71,4.3,7.7,,12
NEKRASOVA,Marina,w,AZE,25 July 2021,Olympic Games,qual,"Tokyo, Japan",FX,71,4.3,7.7,0.1,12
NEKRASOVA,Marina,w,AZE,SUN 25 JUL 2021,Olympic Games,AAqual,"Tokyo, Japan",UE,83,4.2,6.633,,10.833
NEKRASOVA,Marina,w,AZE,25 July 2021,Olympic Games,qual,"Tokyo, Japan",UE,83,4.2,6.633,,10.833
NEKRASOVA,Marina,w,AZE,SUN 25 JUL 2021,Olympic Games,AAqual,"Tokyo, Japan",VT,74,5.8,7.333,,13.133
NEKRASOVA,Marina,w,AZE,25 July 2021,Olympic Games,qual,"Tokyo, Japan",VT1,19,5.8,7.333,,13.133
NEKRASOVA,Marina,w,AZE,25 July 2021,Olympic Games,qual,"Tokyo, Japan",VT2,19,3.7,8.5,,12.2
OLSEN,Shallon,w,CAN,SUN 25 JUL 2021,Olympic Games,AAqual,"Tokyo, Japan",BB,66,5.3,6.766,,12.066
OLSEN,Shallon,w,CAN,25 July 2021,Olympic Games,qual,"Tokyo, Japan",BB,66,5.3,6.766,,12.066
OLSEN,Shallon,w,CAN,25 July 2021,Olympic Games,TeamQual,"Tokyo, Japan",BB,,5.3,6.766,,12.066
OLSEN,Shallon,w,CAN,SUN 25 JUL 2021,Olympic Games,AAqual,"Tokyo, Japan",FX,29,5.4,7.633,,13.033
OLSEN,Shallon,w,CAN,25 July 2021,Olympic Games,qual,"Tokyo, Japan",FX,29,5.4,7.633,,13.033
OLSEN,Shallon,w,CAN,25 July 2021,Olympic Games,TeamQual,"Tokyo, Japan",FX,,5.4,7.633,,13.033
OLSEN,Shallon,w,CAN,25 July 2021,Olympic Games,TeamQual,"Tokyo, Japan",UB,,4.5,7.4,,11.9
OLSEN,Shallon,w,CAN,SUN 25 JUL 2021,Olympic Games,AAqual,"Tokyo, Japan",UE,68,4.5,7.4,,11.9
OLSEN,Shallon,w,CAN,25 July 2021,Olympic Games,qual,"Tokyo, Japan",UE,68,4.5,7.4,,11.9
OLSEN,Shallon,w,CAN,SUN 25 JUL 2021,Olympic Games,AAqual,"Tokyo, Japan",VT,6,6,8.966,,14.966
OLSEN,Shallon,w,CAN,25 July 2021,Olympic Games,TeamQual,"Tokyo, Japan",VT,,6,8.966,,14.966
OLSEN,Shallon,w,CAN,25 July 2021,Olympic Games,qual,"Tokyo, Japan",VT1,6,6,8.966,,14.966
OLSEN,Shallon,w,CAN,1 Aug 2021,Olympic Games,final,"Tokyo, Japan",VT1,7,6,8.7,,14.7
OLSEN,Shallon,w,CAN,25 July 2021,Olympic Games,qual,"Tokyo, Japan",VT2,6,5.4,9.033,,14.433
OLSEN,Shallon,w,CAN,1 Aug 2021,Olympic Games,final,"Tokyo, Japan",VT2,7,5.4,9,,14.4
ORREGO,Ariana,w,PER,SUN 25 JUL 2021,Olympic Games,AAqual,"Tokyo, Japan",BB,65,5.2,6.866,,12.066
ORREGO,Ariana,w,PER,25 July 2021,Olympic Games,qual,"Tokyo, Japan",BB,65,5.2,6.866,,12.066
ORREGO,Ariana,w,PER,SUN 25 JUL 2021,Olympic Games,AAqual,"Tokyo, Japan",FX,68,4.9,7.466,0.3,12.066
ORREGO,Ariana,w,PER,25 July 2021,Olympic Games,qual,"Tokyo, Japan",FX,68,4.9,7.466,0.3,12.066
ORREGO,Ariana,w,PER,SUN 25 JUL 2021,Olympic Games,AAqual,"Tokyo, Japan",UE,85,4.4,5.066,,9.466
ORREGO,Ariana,w,PER,25 July 2021,Olympic Games,qual,"Tokyo, Japan",UE,85,4.4,5.066,,9.4
ORREGO,Ariana,w,PER,SUN 25 JUL 2021,Olympic Games,AAqual,"Tokyo, Japan",VT,59,4.6,8.833,,13.433
OU,Yushan,w,CHN,25 July 2021,Olympic Games,qual,"Tokyo, Japan",BB,11,5.9,8.033,,13.933
OU,Yushan,w,CHN,25 July 2021,Olympic Games,TeamQual,"Tokyo, Japan",BB,,5.9,8.033,,13.933
OU,Yushan,w,CHN,25 July 2021,Olympic Games,qual,"Tokyo, Japan",FX,,,,,
OU,Yushan,w,CHN,25 July 2021,Olympic Games,TeamQual,"Tokyo, Japan",UB,,5.7,7.8,,13.5
OU,Yushan,w,CHN,1 Aug 2021,Olympic Games,TeamFinal,"Tokyo, Japan",UB,,5.2,8.033,,13.233
OU,Yushan,w,CHN,25 July 2021,Olympic Games,qual,"Tokyo, Japan",UE,35,5.7,7.8,,13.5
OU,Yushan,w,CHN,25 July 2021,Olympic Games,TeamQual,"Tokyo, Japan",VT,,4.6,9.033,,13.633
OU,Yushan,w,CHN,1 Aug 2021,Olympic Games,TeamFinal,"Tokyo, Japan",VT,,5.4,7.6,0.3,12.7
PETISCO,Alba,w,ESP,SUN 25 JUL 2021,Olympic Games,AAqual,"Tokyo, Japan",BB,73,5,6.7,,11.7
PETISCO,Alba,w,ESP,25 July 2021,Olympic Games,qual,"Tokyo, Japan",BB,73,5,6.7,,11.7
PETISCO,Alba,w,ESP,25 July 2021,Olympic Games,TeamQual,"Tokyo, Japan",BB,,5,6.7,,11.7
PETISCO,Alba,w,ESP,SUN 25 JUL 2021,Olympic Games,AAqual,"Tokyo, Japan",FX,53,5.1,7.466,,12.566
PETISCO,Alba,w,ESP,25 July 2021,Olympic Games,qual,"Tokyo, Japan",FX,53,5.1,7.466,,12.566
PETISCO,Alba,w,ESP,25 July 2021,Olympic Games,TeamQual,"Tokyo, Japan",FX,,5.1,7.466,,12.566
PETISCO,Alba,w,ESP,25 July 2021,Olympic Games,TeamQual,"Tokyo, Japan",UB,,4.9,7.966,,12.866
PETISCO,Alba,w,ESP,SUN 25 JUL 2021,Olympic Games,AAqual,"Tokyo, Japan",UE,51,4.9,7.966,,12.866
PETISCO,Alba,w,ESP,25 July 2021,Olympic Games,qual,"Tokyo, Japan",UE,51,4.9,7.966,,12.866
PETISCO,Alba,w,ESP,SUN 25 JUL 2021,Olympic Games,AAqual,"Tokyo, Japan",VT,54,4.6,8.866,,13.466
PETISCO,Alba,w,ESP,25 July 2021,Olympic Games,TeamQual,"Tokyo, Japan",VT,,4.6,8.866,,13.466
POL,Vera,w,NED,25 July 2021,Olympic Games,qual,"Tokyo, Japan",BB,75,4.7,6.9,,11.6
POL,Vera,w,NED,25 July 2021,Olympic Games,TeamQual,"Tokyo, Japan",BB,,4.7,6.9,,11.6
POL,Vera,w,NED,25 July 2021,Olympic Games,qual,"Tokyo, Japan",FX,33,4.9,8,,12.9
POL,Vera,w,NED,25 July 2021,Olympic Games,TeamQual,"Tokyo, Japan",FX,,4.9,8,,12.9
POL,Vera,w,NED,25 July 2021,Olympic Games,TeamQual,"Tokyo, Japan",UB,,5.3,7.833,,13.133
POL,Vera,w,NED,25 July 2021,Olympic Games,qual,"Tokyo, Japan",UE,41,5.3,7.833,,13.133
POL,Vera,w,NED,25 July 2021,Olympic Games,TeamQual,"Tokyo, Japan",VT,,5,9.1,,14.1
POPA,Roxana,w,ESP,THU 29 JUL 2021,Olympic Games,AAfinal,"Tokyo, Japan",BB,21,5.3,6.4,,11.7
POPA,Roxana,w,ESP,SUN 25 JUL 2021,Olympic Games,AAqual,"Tokyo, Japan",BB,40,5.3,7.566,,12.866
POPA,Roxana,w,ESP,25 July 2021,Olympic Games,qual,"Tokyo, Japan",BB,40,5.3,7.566,,12.866
POPA,Roxana,w,ESP,25 July 2021,Olympic Games,TeamQual,"Tokyo, Japan",BB,,5.3,7.566,,12.866
POPA,Roxana,w,ESP,THU 29 JUL 2021,Olympic Games,AAfinal,"Tokyo, Japan",FX,14,5.4,7.733,,13.133
POPA,Roxana,w,ESP,SUN 25 JUL 2021,Olympic Games,AAqual,"Tokyo, Japan",FX,55,5.2,7.433,0.1,12.533
POPA,Roxana,w,ESP,25 July 2021,Olympic Games,qual,"Tokyo, Japan",FX,55,5.2,7.433,0.1,12.533
POPA,Roxana,w,ESP,25 July 2021,Olympic Games,TeamQual,"Tokyo, Japan",FX,,5.2,7.433,0.1,12.533
POPA,Roxana,w,ESP,25 July 2021,Olympic Games,TeamQual,"Tokyo, Japan",UB,,6.2,8.2,,14.4
POPA,Roxana,w,ESP,THU 29 JUL 2021,Olympic Games,AAfinal,"Tokyo, Japan",UE,24,5.8,6.3,,12.1
POPA,Roxana,w,ESP,SUN 25 JUL 2021,Olympic Games,AAqual,"Tokyo, Japan",UE,15,6.2,8.2,,14.4
POPA,Roxana,w,ESP,25 July 2021,Olympic Games,qual,"Tokyo, Japan",UE,15,6.2,8.2,,14.4
POPA,Roxana,w,ESP,THU 29 JUL 2021,Olympic Games,AAfinal,"Tokyo, Japan",VT,5,5.4,9.2,,14.6
POPA,Roxana,w,ESP,SUN 25 JUL 2021,Olympic Games,AAqual,"Tokyo, Japan",VT,26,5.4,8.9,,14.3
POPA,Roxana,w,ESP,25 July 2021,Olympic Games,TeamQual,"Tokyo, Japan",VT,,5.4,8.9,,14.3
RAZ,Lihie,w,ISR,SUN 25 JUL 2021,Olympic Games,AAqual,"Tokyo, Japan",BB,64,5,7.066,,12.066
RAZ,Lihie,w,ISR,25 July 2021,Olympic Games,qual,"Tokyo, Japan",BB,64,5,7.066,,12.066
RAZ,Lihie,w,ISR,SUN 25 JUL 2021,Olympic Games,AAqual,"Tokyo, Japan",FX,59,4.7,7.7,,12.4
RAZ,Lihie,w,ISR,25 July 2021,Olympic Games,qual,"Tokyo, Japan",FX,59,4.7,7.7,,12.4
RAZ,Lihie,w,ISR,SUN 25 JUL 2021,Olympic Games,AAqual,"Tokyo, Japan",UE,70,4.7,7,,11.7
RAZ,Lihie,w,ISR,25 July 2021,Olympic Games,qual,"Tokyo, Japan",UE,70,4.7,7,,11.7
RAZ,Lihie,w,ISR,SUN 25 JUL 2021,Olympic Games,AAqual,"Tokyo, Japan",VT,32,5.4,8.833,,14.233
RAZ,Lihie,w,ISR,25 July 2021,Olympic Games,qual,"Tokyo, Japan",VT1,15,5.4,8.833,0.1,14.233
RAZ,Lihie,w,ISR,25 July 2021,Olympic Games,qual,"Tokyo, Japan",VT2,15,4.8,8.766,,13.566
ROOSKRANTZ,Caitlin,w,RSA,SUN 25 JUL 2021,Olympic Games,AAqual,"Tokyo, Japan",BB,61,4.9,7.3,,12.2
ROOSKRANTZ,Caitlin,w,RSA,25 July 2021,Olympic Games,qual,"Tokyo, Japan",BB,61,4.9,7.3,,12.2
ROOSKRANTZ,Caitlin,w,RSA,SUN 25 JUL 2021,Olympic Games,AAqual,"Tokyo, Japan",FX,79,4.6,7.133,0.1,11.633
ROOSKRANTZ,Caitlin,w,RSA,25 July 2021,Olympic Games,qual,"Tokyo, Japan",FX,79,4.6,7.133,0.1,11.633
ROOSKRANTZ,Caitlin,w,RSA,SUN 25 JUL 2021,Olympic Games,AAqual,"Tokyo, Japan",UE,39,5.5,7.8,,13.3
ROOSKRANTZ,Caitlin,w,RSA,25 July 2021,Olympic Games,qual,"Tokyo, Japan",UE,39,5.5,7.8,,13.3
ROOSKRANTZ,Caitlin,w,RSA,SUN 25 JUL 2021,Olympic Games,AAqual,"Tokyo, Japan",VT,78,4.6,8.5,0.3,12.8
RUTTY,Raegan,w,CAY,SUN 25 JUL 2021,Olympic Games,AAqual,"Tokyo, Japan",BB,91,3.8,4.483,,8.283
RUTTY,Raegan,w,CAY,25 July 2021,Olympic Games,qual,"Tokyo, Japan",BB,91,3.8,4.483,,8.2
RUTTY,Raegan,w,CAY,SUN 25 JUL 2021,Olympic Games,AAqual,"Tokyo, Japan",FX,82,3.8,6.833,,10.633
RUTTY,Raegan,w,CAY,25 July 2021,Olympic Games,qual,"Tokyo, Japan",FX,82,3.8,6.833,0.3,10.633
RUTTY,Raegan,w,CAY,SUN 25 JUL 2021,Olympic Games,AAqual,"Tokyo, Japan",UE,87,4.1,4.466,,8.566
RUTTY,Raegan,w,CAY,25 July 2021,Olympic Games,qual,"Tokyo, Japan",UE,87,4.1,4.466,,8.5
RUTTY,Raegan,w,CAY,SUN 25 JUL 2021,Olympic Games,AAqual,"Tokyo, Japan",VT,84,3.7,8.433,,12.133
RYAN,Megan,w,IRL,SUN 25 JUL 2021,Olympic Games,AAqual,"Tokyo, Japan",BB,88,5,5.466,,10.466
RYAN,Megan,w,IRL,25 July 2021,Olympic Games,qual,"Tokyo, Japan",BB,88,5,5.466,,10.4
RYAN,Megan,w,IRL,SUN 25 JUL 2021,Olympic Games,AAqual,"Tokyo, Japan",FX,72,4.7,7.6,0.3,12
RYAN,Megan,w,IRL,25 July 2021,Olympic Games,qual,"Tokyo, Japan",FX,72,4.7,7.6,0.3,12
RYAN,Megan,w,IRL,SUN 25 JUL 2021,Olympic Games,AAqual,"Tokyo, Japan",UE,76,4.2,7.333,,11.533
RYAN,Megan,w,IRL,25 July 2021,Olympic Games,qual,"Tokyo, Japan",UE,76,4.2,7.333,,11.533
RYAN,Megan,w,IRL,SUN 25 JUL 2021,Olympic Games,AAqual,"Tokyo, Japan",VT,69,4.6,8.6,,13.2
SARAIVA,Flavia,w,BRA,25 July 2021,Olympic Games,qual,"Tokyo, Japan",BB,9,5.9,8.066,,13.966
SARAIVA,Flavia,w,BRA,1 Aug 2021,Olympic Games,final,"Tokyo, Japan",BB,7,5.7,7.433,,13.13
SARAIVA,Flavia,w,BRA,25 July 2021,Olympic Games,qual,"Tokyo, Japan",FX,69,5.3,6.766,0.3,12.066
SARAIVA,Flavia,w,BRA,25 July 2021,Olympic Games,qual,"Tokyo, Japan",UE,,,,,
SASNAL,Gabriela,w,POL,SUN 25 JUL 2021,Olympic Games,AAqual,"Tokyo, Japan",BB,54,4.6,7.833,,12.433
SASNAL,Gabriela,w,POL,25 July 2021,Olympic Games,qual,"Tokyo, Japan",BB,54,4.6,7.833,,12.433
SASNAL,Gabriela,w,POL,SUN 25 JUL 2021,Olympic Games,AAqual,"Tokyo, Japan",FX,73,4.3,7.633,,11.933
SASNAL,Gabriela,w,POL,25 July 2021,Olympic Games,qual,"Tokyo, Japan",FX,73,4.3,7.633,0.3,11.933
SASNAL,Gabriela,w,POL,SUN 25 JUL 2021,Olympic Games,AAqual,"Tokyo, Japan",UE,48,5.2,7.766,,12.966
SASNAL,Gabriela,w,POL,25 July 2021,Olympic Games,qual,"Tokyo, Japan",UE,48,5.2,7.766,,12.966
SASNAL,Gabriela,w,POL,SUN 25 JUL 2021,Olympic Games,AAqual,"Tokyo, Japan",VT,50,4.8,8.8,,13.6
SASNAL,Gabriela,w,POL,25 July 2021,Olympic Games,qual,"Tokyo, Japan",VT1,17,4.8,8.8,,13.6
SASNAL,Gabriela,w,POL,25 July 2021,Olympic Games,qual,"Tokyo, Japan",VT2,17,4.8,8.566,,13.366
SAVRANBASI,Nazli,w,TUR,SUN 25 JUL 2021,Olympic Games,AAqual,"Tokyo, Japan",BB,85,5,6.033,,11.033
SAVRANBASI,Nazli,w,TUR,25 July 2021,Olympic Games,qual,"Tokyo, Japan",BB,85,5,6.033,,11
SAVRANBASI,Nazli,w,TUR,SUN 25 JUL 2021,Olympic Games,AAqual,"Tokyo, Japan",FX,74,4.6,7.333,,11.933
SAVRANBASI,Nazli,w,TUR,25 July 2021,Olympic Games,qual,"Tokyo, Japan",FX,74,4.6,7.333,,11.933
SAVRANBASI,Nazli,w,TUR,SUN 25 JUL 2021,Olympic Games,AAqual,"Tokyo, Japan",UE,67,5.9,6.033,,11.933
SAVRANBASI,Nazli,w,TUR,25 July 2021,Olympic Games,qual,"Tokyo, Japan",UE,67,5.9,6.033,,11.933
SAVRANBASI,Nazli,w,TUR,SUN 25 JUL 2021,Olympic Games,AAqual,"Tokyo, Japan",VT,77,4.2,8.7,,12.9
SCHAEFER BETZ,Pauline,w,GER,25 July 2021,Olympic Games,qual,"Tokyo, Japan",BB,36,5.2,7.766,,12.966
SCHAEFER BETZ,Pauline,w,GER,25 July 2021,Olympic Games,TeamQual,"Tokyo, Japan",BB,,5.2,7.766,,12.966
SCHAEFER BETZ,Pauline,w,GER,25 July 2021,Olympic Games,qual,"Tokyo, Japan",FX,42,4.6,8.133,0.3,12.733
SCHAEFER BETZ,Pauline,w,GER,25 July 2021,Olympic Games,TeamQual,"Tokyo, Japan",FX,,4.6,8.133,,12.733
SCHAEFER BETZ,Pauline,w,GER,25 July 2021,Olympic Games,TeamQual,"Tokyo, Japan",UB,,4.9,7.033,,11.933
SCHAEFER BETZ,Pauline,w,GER,25 July 2021,Olympic Games,qual,"Tokyo, Japan",UE,66,4.9,7.033,,11.933
SCHAEFER BETZ,Pauline,w,GER,25 July 2021,Olympic Games,TeamQual,"Tokyo, Japan",VT,,5,8.933,,13.933
SCHAEFER-BETZ,Pauline,w,GER,SUN 25 JUL 2021,Olympic Games,AAqual,"Tokyo, Japan",BB,36,5.2,7.766,,12.966
SCHAEFER-BETZ,Pauline,w,GER,SUN 25 JUL 2021,Olympic Games,AAqual,"Tokyo, Japan",FX,42,4.6,8.133,,12.733
SCHAEFER-BETZ,Pauline,w,GER,SUN 25 JUL 2021,Olympic Games,AAqual,"Tokyo, Japan",UE,66,4.9,7.033,,11.933
SCHAEFER-BETZ,Pauline,w,GER,SUN 25 JUL 2021,Olympic Games,AAqual,"Tokyo, Japan",VT,41,5,8.933,,13.933
SEITZ,Elisabeth,w,GER,THU 29 JUL 2021,Olympic Games,AAfinal,"Tokyo, Japan",BB,10,4.9,8.033,,12.933
SEITZ,Elisabeth,w,GER,SUN 25 JUL 2021,Olympic Games,AAqual,"Tokyo, Japan",BB,56,4.3,8.033,,12.333
SEITZ,Elisabeth,w,GER,25 July 2021,Olympic Games,qual,"Tokyo, Japan",BB,56,4.3,8.033,,12.333
SEITZ,Elisabeth,w,GER,25 July 2021,Olympic Games,TeamQual,"Tokyo, Japan",BB,,4.3,8.033,,12.333
SEITZ,Elisabeth,w,GER,THU 29 JUL 2021,Olympic Games,AAfinal,"Tokyo, Japan",FX,23,4.8,7.733,0.1,12.433
SEITZ,Elisabeth,w,GER,SUN 25 JUL 2021,Olympic Games,AAqual,"Tokyo, Japan",FX,31,4.8,8.133,,12.933
SEITZ,Elisabeth,w,GER,25 July 2021,Olympic Games,qual,"Tokyo, Japan",FX,31,4.8,8.133,,12.933
SEITZ,Elisabeth,w,GER,25 July 2021,Olympic Games,TeamQual,"Tokyo, Japan",FX,,4.8,8.133,,12.933
SEITZ,Elisabeth,w,GER,25 July 2021,Olympic Games,TeamQual,"Tokyo, Japan",UB,,6.2,8.5,,14.7
SEITZ,Elisabeth,w,GER,THU 29 JUL 2021,Olympic Games,AAfinal,"Tokyo, Japan",UE,6,6.2,8.3,,14.5
SEITZ,Elisabeth,w,GER,SUN 25 JUL 2021,Olympic Games,AAqual,"Tokyo, Japan",UE,7,6.2,8.5,,14.7
SEITZ,Elisabeth,w,GER,25 July 2021,Olympic Games,qual,"Tokyo, Japan",UE,7,6.2,8.5,,14.7
SEITZ,Elisabeth,w,GER,1 Aug 2021,Olympic Games,final,"Tokyo, Japan",UE,5,6.2,8.2,,14.4
SEITZ,Elisabeth,w,GER,THU 29 JUL 2021,Olympic Games,AAfinal,"Tokyo, Japan",VT,17,5.4,8.8,,14.2
SEITZ,Elisabeth,w,GER,SUN 25 JUL 2021,Olympic Games,AAqual,"Tokyo, Japan",VT,30,5.4,8.866,,14.266
SEITZ,Elisabeth,w,GER,25 July 2021,Olympic Games,TeamQual,"Tokyo, Japan",VT,,5.4,8.866,,14.266
SHARAF,Zeina,w,EGY,SUN 25 JUL 2021,Olympic Games,AAqual,"Tokyo, Japan",BB,70,5.4,6.466,,11.866
SHARAF,Zeina,w,EGY,25 July 2021,Olympic Games,qual,"Tokyo, Japan",BB,70,5.4,6.466,0.1,11.866
SHARAF,Zeina,w,EGY,SUN 25 JUL 2021,Olympic Games,AAqual,"Tokyo, Japan",FX,78,4.2,7.5,,11.7
SHARAF,Zeina,w,EGY,25 July 2021,Olympic Games,qual,"Tokyo, Japan",FX,78,4.2,7.5,0.3,11.7
SHARAF,Zeina,w,EGY,SUN 25 JUL 2021,Olympic Games,AAqual,"Tokyo, Japan",UE,60,4.8,7.7,,12.5
SHARAF,Zeina,w,EGY,25 July 2021,Olympic Games,qual,"Tokyo, Japan",UE,60,4.8,7.7,,12.5
SHARAF,Zeina,w,EGY,SUN 25 JUL 2021,Olympic Games,AAqual,"Tokyo, Japan",VT,69,4.6,8.6,,13.2
SKINNER,Mykayla,w,USA,SUN 25 JUL 2021,Olympic Games,AAqual,"Tokyo, Japan",BB,27,6.1,7.133,,13.233
SKINNER,Mykayla,w,USA,25 July 2021,Olympic Games,qual,"Tokyo, Japan",BB,27,6.1,7.133,,13.233
SKINNER,Mykayla,w,USA,SUN 25 JUL 2021,Olympic Games,AAqual,"Tokyo, Japan",FX,14,6,7.566,,13.566
SKINNER,Mykayla,w,USA,25 July 2021,Olympic Games,qual,"Tokyo, Japan",FX,14,6,7.566,,13.566
SKINNER,Mykayla,w,USA,SUN 25 JUL 2021,Olympic Games,AAqual,"Tokyo, Japan",UE,31,5.8,7.866,,13.666
SKINNER,Mykayla,w,USA,25 July 2021,Olympic Games,qual,"Tokyo, Japan",UE,31,5.8,7.866,,13.666
SKINNER,Mykayla,w,USA,SUN 25 JUL 2021,Olympic Games,AAqual,"Tokyo, Japan",VT,7,6,8.933,,14.933
SKINNER,Mykayla,w,USA,25 July 2021,Olympic Games,qual,"Tokyo, Japan",VT1,4,6,8.933,,14.933
SKINNER,Mykayla,w,USA,1 Aug 2021,Olympic Games,final,"Tokyo, Japan",VT1,2,6,9.033,,15.033
SKINNER,Mykayla,w,USA,25 July 2021,Olympic Games,qual,"Tokyo, Japan",VT2,4,5.8,9,,14.8
SKINNER,Mykayla,w,USA,1 Aug 2021,Olympic Games,final,"Tokyo, Japan",VT2,2,5.8,9,,14.8
STEINGRUBER,Giulia,w,SUI,THU 29 JUL 2021,Olympic Games,AAfinal,"Tokyo, Japan",BB,16,4.9,7.5,,12.4
STEINGRUBER,Giulia,w,SUI,SUN 25 JUL 2021,Olympic Games,AAqual,"Tokyo, Japan",BB,47,5.2,7.4,,12.6
STEINGRUBER,Giulia,w,SUI,25 July 2021,Olympic Games,qual,"Tokyo, Japan",BB,47,5.2,7.4,,12.6
STEINGRUBER,Giulia,w,SUI,THU 29 JUL 2021,Olympic Games,AAfinal,"Tokyo, Japan",FX,11,5.4,7.933,,13.333
STEINGRUBER,Giulia,w,SUI,SUN 25 JUL 2021,Olympic Games,AAqual,"Tokyo, Japan",FX,23,5.4,7.9,,13.3
STEINGRUBER,Giulia,w,SUI,25 July 2021,Olympic Games,qual,"Tokyo, Japan",FX,23,5.4,7.9,,13.3
STEINGRUBER,Giulia,w,SUI,THU 29 JUL 2021,Olympic Games,AAfinal,"Tokyo, Japan",UE,20,5,7.8,,12.8
STEINGRUBER,Giulia,w,SUI,SUN 25 JUL 2021,Olympic Games,AAqual,"Tokyo, Japan",UE,53,5,7.8,,12.8
STEINGRUBER,Giulia,w,SUI,25 July 2021,Olympic Games,qual,"Tokyo, Japan",UE,53,5,7.8,,12.8
STEINGRUBER,Giulia,w,SUI,THU 29 JUL 2021,Olympic Games,AAfinal,"Tokyo, Japan",VT,3,5.8,9.033,,14.833
STEINGRUBER,Giulia,w,SUI,SUN 25 JUL 2021,Olympic Games,AAqual,"Tokyo, Japan",VT,8,5.8,9.033,,14.833
STEINGRUBER,Giulia,w,SUI,25 July 2021,Olympic Games,qual,"Tokyo, Japan",VT1,10,5.8,9.033,0.1,14.833
STEINGRUBER,Giulia,w,SUI,25 July 2021,Olympic Games,qual,"Tokyo, Japan",VT2,10,5.4,8.9,,14.3
STEWART,Ava,w,CAN,SUN 25 JUL 2021,Olympic Games,AAqual,"Tokyo, Japan",BB,67,5.8,6.2,,12
STEWART,Ava,w,CAN,25 July 2021,Olympic Games,qual,"Tokyo, Japan",BB,67,5.8,6.2,,12
STEWART,Ava,w,CAN,25 July 2021,Olympic Games,TeamQual,"Tokyo, Japan",BB,,5.8,6.2,,12
STEWART,Ava,w,CAN,SUN 25 JUL 2021,Olympic Games,AAqual,"Tokyo, Japan",FX,51,4.9,7.7,,12.6
STEWART,Ava,w,CAN,25 July 2021,Olympic Games,qual,"Tokyo, Japan",FX,51,4.9,7.7,,12.6
STEWART,Ava,w,CAN,25 July 2021,Olympic Games,TeamQual,"Tokyo, Japan",FX,,4.9,7.7,,12.6
STEWART,Ava,w,CAN,25 July 2021,Olympic Games,TeamQual,"Tokyo, Japan",UB,,5.9,7,,12.9
STEWART,Ava,w,CAN,SUN 25 JUL 2021,Olympic Games,AAqual,"Tokyo, Japan",UE,50,5.9,7,,12.9
STEWART,Ava,w,CAN,25 July 2021,Olympic Games,qual,"Tokyo, Japan",UE,50,5.9,7,,12.9
STEWART,Ava,w,CAN,SUN 25 JUL 2021,Olympic Games,AAqual,"Tokyo, Japan",VT,76,5,7.933,,12.933
STEWART,Ava,w,CAN,25 July 2021,Olympic Games,TeamQual,"Tokyo, Japan",VT,,5,7.933,,12.933
SUGIHARA,Aiko,w,JPN,SUN 25 JUL 2021,Olympic Games,AAqual,"Tokyo, Japan",BB,77,5.5,6.066,,11.566
SUGIHARA,Aiko,w,JPN,25 July 2021,Olympic Games,qual,"Tokyo, Japan",BB,77,5.5,6.066,,11.566
SUGIHARA,Aiko,w,JPN,25 July 2021,Olympic Games,TeamQual,"Tokyo, Japan",BB,,5.5,6.066,,11.566
SUGIHARA,Aiko,w,JPN,SUN 25 JUL 2021,Olympic Games,AAqual,"Tokyo, Japan",FX,21,5.3,8.033,,13.333
SUGIHARA,Aiko,w,JPN,25 July 2021,Olympic Games,qual,"Tokyo, Japan",FX,21,5.3,8.033,,13.333
SUGIHARA,Aiko,w,JPN,25 July 2021,Olympic Games,TeamQual,"Tokyo, Japan",FX,,5.3,8.033,,13.333
SUGIHARA,Aiko,w,JPN,1 Aug 2021,Olympic Games,TeamFinal,"Tokyo, Japan",FX,,5.4,7.8,,13.2
SUGIHARA,Aiko,w,JPN,25 July 2021,Olympic Games,TeamQual,"Tokyo, Japan",UB,,5.3,8.066,,13.366
SUGIHARA,Aiko,w,JPN,1 Aug 2021,Olympic Games,TeamFinal,"Tokyo, Japan",UB,,5.3,8.033,,13.333
SUGIHARA,Aiko,w,JPN,SUN 25 JUL 2021,Olympic Games,AAqual,"Tokyo, Japan",UE,36,5.3,8.066,,13.366
SUGIHARA,Aiko,w,JPN,25 July 2021,Olympic Games,qual,"Tokyo, Japan",UE,36,5.3,8.066,,13.366
SUGIHARA,Aiko,w,JPN,SUN 25 JUL 2021,Olympic Games,AAqual,"Tokyo, Japan",VT,29,5,9.266,,14.266
SUGIHARA,Aiko,w,JPN,25 July 2021,Olympic Games,TeamQual,"Tokyo, Japan",VT,,5,9.266,,14.266
SUGIHARA,Aiko,w,JPN,1 Aug 2021,Olympic Games,TeamFinal,"Tokyo, Japan",VT,,5,9.183,,14.183
TAN,Sze En,w,SGP,25 July 2021,Olympic Games,qual,"Tokyo, Japan",BB,84,4.8,6.333,0.1,11.033
TAN,Sze En,w,SGP,25 July 2021,Olympic Games,qual,"Tokyo, Japan",FX,75,4.3,7.633,0.1,11.833
TANG,Xijing,w,CHN,THU 29 JUL 2021,Olympic Games,AAfinal,"Tokyo, Japan",BB,9,6,7.066,,13.066
TANG,Xijing,w,CHN,SUN 25 JUL 2021,Olympic Games,AAqual,"Tokyo, Japan",BB,2,6.2,8.133,,14.333
TANG,Xijing,w,CHN,25 July 2021,Olympic Games,qual,"Tokyo, Japan",BB,2,6.2,8.133,,14.333
TANG,Xijing,w,CHN,1 Aug 2021,Olympic Games,final,"Tokyo, Japan",BB,2,6,8.233,,14.23
TANG,Xijing,w,CHN,25 July 2021,Olympic Games,TeamQual,"Tokyo, Japan",BB,,6.2,8.133,,14.333
TANG,Xijing,w,CHN,1 Aug 2021,Olympic Games,TeamFinal,"Tokyo, Japan",BB,,5.8,7.933,,13.733
TANG,Xijing,w,CHN,THU 29 JUL 2021,Olympic Games,AAfinal,"Tokyo, Japan",FX,18,5.2,7.766,,12.966
TANG,Xijing,w,CHN,SUN 25 JUL 2021,Olympic Games,AAqual,"Tokyo, Japan",FX,20,5.3,8.066,,13.366
TANG,Xijing,w,CHN,25 July 2021,Olympic Games,qual,"Tokyo, Japan",FX,20,5.3,8.066,,13.366
TANG,Xijing,w,CHN,25 July 2021,Olympic Games,TeamQual,"Tokyo, Japan",FX,,5.3,8.066,,13.366
TANG,Xijing,w,CHN,1 Aug 2021,Olympic Games,TeamFinal,"Tokyo, Japan",FX,,5.3,7.566,,12.866
TANG,Xijing,w,CHN,25 July 2021,Olympic Games,TeamQual,"Tokyo, Japan",UB,,6,8.433,,14.433
TANG,Xijing,w,CHN,1 Aug 2021,Olympic Games,TeamFinal,"Tokyo, Japan",UB,,6,8.5,,14.5
TANG,Xijing,w,CHN,THU 29 JUL 2021,Olympic Games,AAfinal,"Tokyo, Japan",UE,8,6,8.233,,14.233
TANG,Xijing,w,CHN,SUN 25 JUL 2021,Olympic Games,AAqual,"Tokyo, Japan",UE,13,6,8.433,,14.433
TANG,Xijing,w,CHN,25 July 2021,Olympic Games,qual,"Tokyo, Japan",UE,13,6,8.433,,14.433
TANG,Xijing,w,CHN,THU 29 JUL 2021,Olympic Games,AAfinal,"Tokyo, Japan",VT,16,5.4,8.833,,14.233
TANG,Xijing,w,CHN,SUN 25 JUL 2021,Olympic Games,AAqual,"Tokyo, Japan",VT,26,5.4,8.9,,14.3
TANG,Xijing,w,CHN,25 July 2021,Olympic Games,TeamQual,"Tokyo, Japan",VT,,5.4,8.9,,14.3
TANG,Xijing,w,CHN,1 Aug 2021,Olympic Games,TeamFinal,"Tokyo, Japan",VT,,5.4,7.5,0.3,12.6
THORSDOTTIR,Eythora,w,NED,SUN 25 JUL 2021,Olympic Games,AAqual,"Tokyo, Japan",BB,57,5,7.333,,12.333
THORSDOTTIR,Eythora,w,NED,25 July 2021,Olympic Games,qual,"Tokyo, Japan",BB,57,5,7.333,,12.333
THORSDOTTIR,Eythora,w,NED,25 July 2021,Olympic Games,TeamQual,"Tokyo, Japan",BB,,5,7.333,,12.333
THORSDOTTIR,Eythora,w,NED,SUN 25 JUL 2021,Olympic Games,AAqual,"Tokyo, Japan",FX,27,5,8.133,,13.133
THORSDOTTIR,Eythora,w,NED,25 July 2021,Olympic Games,qual,"Tokyo, Japan",FX,27,5,8.133,,13.133
THORSDOTTIR,Eythora,w,NED,25 July 2021,Olympic Games,TeamQual,"Tokyo, Japan",FX,,5,8.133,,13.133
THORSDOTTIR,Eythora,w,NED,25 July 2021,Olympic Games,TeamQual,"Tokyo, Japan",UB,,5.5,7.5,,13
THORSDOTTIR,Eythora,w,NED,SUN 25 JUL 2021,Olympic Games,AAqual,"Tokyo, Japan",UE,47,5.5,7.5,,13
THORSDOTTIR,Eythora,w,NED,25 July 2021,Olympic Games,qual,"Tokyo, Japan",UE,47,5.5,7.5,,13
THORSDOTTIR,Eythora,w,NED,SUN 25 JUL 2021,Olympic Games,AAqual,"Tokyo, Japan",VT,21,5.4,9.033,,14.433
THORSDOTTIR,Eythora,w,NED,25 July 2021,Olympic Games,TeamQual,"Tokyo, Japan",VT,,5.4,9.033,,14.433
TING,Hua Tien,w,TPE,25 July 2021,Olympic Games,qual,"Tokyo, Japan",BB,50,5.8,6.766,,12.566
TING,Hua Tien,w,TPE,25 July 2021,Olympic Games,qual,"Tokyo, Japan",UE,63,4.6,7.633,,12.233
TRAUKOVA,Hanna,w,BLR,SUN 25 JUL 2021,Olympic Games,AAqual,"Tokyo, Japan",BB,86,4.7,6.133,,10.833
TRAUKOVA,Hanna,w,BLR,25 July 2021,Olympic Games,qual,"Tokyo, Japan",BB,86,4.7,6.133,,10.8
TRAUKOVA,Hanna,w,BLR,SUN 25 JUL 2021,Olympic Games,AAqual,"Tokyo, Japan",FX,81,4.4,6.733,0.3,10.833
TRAUKOVA,Hanna,w,BLR,25 July 2021,Olympic Games,qual,"Tokyo, Japan",FX,81,4.4,6.733,0.3,10.833
TRAUKOVA,Hanna,w,BLR,SUN 25 JUL 2021,Olympic Games,AAqual,"Tokyo, Japan",UE,65,4.5,7.466,,11.966
TRAUKOVA,Hanna,w,BLR,25 July 2021,Olympic Games,qual,"Tokyo, Japan",UE,65,4.5,7.466,,11.966
TRAUKOVA,Hanna,w,BLR,SUN 25 JUL 2021,Olympic Games,AAqual,"Tokyo, Japan",VT,80,4,8.6,,12.6
URAZOVA,Vladislava,w,ROC,THU 29 JUL 2021,Olympic Games,AAfinal,"Tokyo, Japan",BB,1,5.9,8.3,,14.2
URAZOVA,Vladislava,w,ROC,SUN 25 JUL 2021,Olympic Games,AAqual,"Tokyo, Japan",BB,8,5.8,8.2,,14
URAZOVA,Vladislava,w,ROC,25 July 2021,Olympic Games,qual,"Tokyo, Japan",BB,8,5.8,8.2,,14
URAZOVA,Vladislava,w,ROC,1 Aug 2021,Olympic Games,final,"Tokyo, Japan",BB,8,5,7.733,,12.73
URAZOVA,Vladislava,w,ROC,25 July 2021,Olympic Games,TeamQual,"Tokyo, Japan",BB,,5.8,8.2,,14
URAZOVA,Vladislava,w,ROC,1 Aug 2021,Olympic Games,TeamFinal,"Tokyo, Japan",BB,,5.3,7.333,,12.633
URAZOVA,Vladislava,w,ROC,THU 29 JUL 2021,Olympic Games,AAfinal,"Tokyo, Japan",FX,10,5.1,8.3,,13.4
URAZOVA,Vladislava,w,ROC,SUN 25 JUL 2021,Olympic Games,AAqual,"Tokyo, Japan",FX,10,5.3,8.333,,13.633
URAZOVA,Vladislava,w,ROC,25 July 2021,Olympic Games,qual,"Tokyo, Japan",FX,10,5.3,8.333,,13.633
URAZOVA,Vladislava,w,ROC,25 July 2021,Olympic Games,TeamQual,"Tokyo, Japan",FX,,5.3,8.333,,13.633
URAZOVA,Vladislava,w,ROC,1 Aug 2021,Olympic Games,TeamFinal,"Tokyo, Japan",FX,,5.1,8.266,,13.366
URAZOVA,Vladislava,w,ROC,25 July 2021,Olympic Games,TeamQual,"Tokyo, Japan",UB,,6.3,8.566,,14.866
URAZOVA,Vladislava,w,ROC,1 Aug 2021,Olympic Games,TeamFinal,"Tokyo, Japan",UB,,6.3,8.566,,14.866
URAZOVA,Vladislava,w,ROC,THU 29 JUL 2021,Olympic Games,AAfinal,"Tokyo, Japan",UE,4,6.3,8.566,,14.866
URAZOVA,Vladislava,w,ROC,SUN 25 JUL 2021,Olympic Games,AAqual,"Tokyo, Japan",UE,5,6.3,8.566,,14.866
URAZOVA,Vladislava,w,ROC,25 July 2021,Olympic Games,qual,"Tokyo, Japan",UE,5,6.3,8.566,,14.866
URAZOVA,Vladislava,w,ROC,THU 29 JUL 2021,Olympic Games,AAfinal,"Tokyo, Japan",VT,9,5.4,9.1,,14.5
URAZOVA,Vladislava,w,ROC,SUN 25 JUL 2021,Olympic Games,AAqual,"Tokyo, Japan",VT,12,5.4,9.2,,14.6
URAZOVA,Vladislava,w,ROC,25 July 2021,Olympic Games,TeamQual,"Tokyo, Japan",VT,,5.4,9.2,,14.6
URAZOVA,Vladislava,w,ROC,1 Aug 2021,Olympic Games,TeamFinal,"Tokyo, Japan",VT,,5.4,9.066,,14.466
VAELEN,Lisa,w,BEL,SUN 25 JUL 2021,Olympic Games,AAqual,"Tokyo, Japan",BB,52,5.1,7.4,,12.5
VAELEN,Lisa,w,BEL,25 July 2021,Olympic Games,qual,"Tokyo, Japan",BB,52,5.1,7.4,,12.5
VAELEN,Lisa,w,BEL,25 July 2021,Olympic Games,TeamQual,"Tokyo, Japan",BB,,5.1,7.4,,12.5
VAELEN,Lisa,w,BEL,SUN 25 JUL 2021,Olympic Games,AAqual,"Tokyo, Japan",FX,40,4.7,8.066,,12.766
VAELEN,Lisa,w,BEL,25 July 2021,Olympic Games,qual,"Tokyo, Japan",FX,40,4.7,8.066,,12.766
VAELEN,Lisa,w,BEL,25 July 2021,Olympic Games,TeamQual,"Tokyo, Japan",FX,,4.7,8.066,,12.766
VAELEN,Lisa,w,BEL,1 Aug 2021,Olympic Games,TeamFinal,"Tokyo, Japan",FX,,4.9,8,,12.9
VAELEN,Lisa,w,BEL,25 July 2021,Olympic Games,TeamQual,"Tokyo, Japan",UB,,5.9,8.2,,14.1
VAELEN,Lisa,w,BEL,1 Aug 2021,Olympic Games,TeamFinal,"Tokyo, Japan",UB,,5.9,7.866,,13.766
VAELEN,Lisa,w,BEL,SUN 25 JUL 2021,Olympic Games,AAqual,"Tokyo, Japan",UE,23,5.9,8.2,,14.1
VAELEN,Lisa,w,BEL,25 July 2021,Olympic Games,qual,"Tokyo, Japan",UE,23,5.9,8.2,,14.1
VAELEN,Lisa,w,BEL,SUN 25 JUL 2021,Olympic Games,AAqual,"Tokyo, Japan",VT,75,4.2,8.8,,13
VAELEN,Lisa,w,BEL,25 July 2021,Olympic Games,TeamQual,"Tokyo, Japan",VT,,4.2,8.8,,13
VAELEN,Lisa,w,BEL,1 Aug 2021,Olympic Games,TeamFinal,"Tokyo, Japan",VT,,5.8,8.533,0.1,14.233
VARINSKA,Diana,w,UKR,SUN 25 JUL 2021,Olympic Games,AAqual,"Tokyo, Japan",BB,49,5.2,7.366,,12.566
VARINSKA,Diana,w,UKR,25 July 2021,Olympic Games,qual,"Tokyo, Japan",BB,49,5.2,7.366,,12.566
VARINSKA,Diana,w,UKR,SUN 25 JUL 2021,Olympic Games,AAqual,"Tokyo, Japan",FX,43,4.8,7.933,,12.733
VARINSKA,Diana,w,UKR,25 July 2021,Olympic Games,qual,"Tokyo, Japan",FX,43,4.8,7.933,,12.733
VARINSKA,Diana,w,UKR,SUN 25 JUL 2021,Olympic Games,AAqual,"Tokyo, Japan",UE,72,4.7,6.933,,11.633
VARINSKA,Diana,w,UKR,25 July 2021,Olympic Games,qual,"Tokyo, Japan",UE,72,4.7,6.933,,11.633
VARINSKA,Diana,w,UKR,SUN 25 JUL 2021,Olympic Games,AAqual,"Tokyo, Japan",VT,79,4,8.633,,12.633
VERKEST,Jutta,w,BEL,THU 29 JUL 2021,Olympic Games,AAfinal,"Tokyo, Japan",BB,12,5.4,7.333,,12.733
VERKEST,Jutta,w,BEL,SUN 25 JUL 2021,Olympic Games,AAqual,"Tokyo, Japan",BB,19,5.5,8.166,,13.666
VERKEST,Jutta,w,BEL,25 July 2021,Olympic Games,qual,"Tokyo, Japan",BB,19,5.5,8.166,,13.666
VERKEST,Jutta,w,BEL,25 July 2021,Olympic Games,TeamQual,"Tokyo, Japan",BB,,5.5,8.166,,13.666
VERKEST,Jutta,w,BEL,1 Aug 2021,Olympic Games,TeamFinal,"Tokyo, Japan",BB,,5.1,7.1,,12.2
VERKEST,Jutta,w,BEL,THU 29 JUL 2021,Olympic Games,AAfinal,"Tokyo, Japan",FX,21,4.8,8.133,0.3,12.633
VERKEST,Jutta,w,BEL,SUN 25 JUL 2021,Olympic Games,AAqual,"Tokyo, Japan",FX,31,4.8,8.133,,12.933
VERKEST,Jutta,w,BEL,25 July 2021,Olympic Games,qual,"Tokyo, Japan",FX,31,4.8,8.133,,12.933
VERKEST,Jutta,w,BEL,25 July 2021,Olympic Games,TeamQual,"Tokyo, Japan",FX,,4.8,8.133,,12.933
VERKEST,Jutta,w,BEL,1 Aug 2021,Olympic Games,TeamFinal,"Tokyo, Japan",FX,,4.8,8.266,,13.066
VERKEST,Jutta,w,BEL,25 July 2021,Olympic Games,TeamQual,"Tokyo, Japan",UB,,5.6,8.033,,13.633
VERKEST,Jutta,w,BEL,1 Aug 2021,Olympic Games,TeamFinal,"Tokyo, Japan",UB,,5.3,7.166,,12.466
VERKEST,Jutta,w,BEL,THU 29 JUL 2021,Olympic Games,AAfinal,"Tokyo, Japan",UE,21,5.4,7.066,,12.466
VERKEST,Jutta,w,BEL,SUN 25 JUL 2021,Olympic Games,AAqual,"Tokyo, Japan",UE,33,5.6,8.033,,13.633
VERKEST,Jutta,w,BEL,25 July 2021,Olympic Games,qual,"Tokyo, Japan",UE,33,5.6,8.033,,13.633
VERKEST,Jutta,w,BEL,THU 29 JUL 2021,Olympic Games,AAfinal,"Tokyo, Japan",VT,22,4.6,8.8,,13.4
VERKEST,Jutta,w,BEL,SUN 25 JUL 2021,Olympic Games,AAqual,"Tokyo, Japan",VT,61,4.6,8.8,,13.4
VERKEST,Jutta,w,BEL,25 July 2021,Olympic Games,TeamQual,"Tokyo, Japan",VT,,4.6,8.8,,13.4
VERKEST,Jutta,w,BEL,1 Aug 2021,Olympic Games,TeamFinal,"Tokyo, Japan",VT,,4.6,8.866,,13.466
VIDIAUX,Marcia,w,CUB,25 July 2021,Olympic Games,qual,"Tokyo, Japan",VT1,16,5.6,8.666,0.1,14.166
VIDIAUX,Marcia,w,CUB,25 July 2021,Olympic Games,qual,"Tokyo, Japan",VT2,16,5.4,7.433,0.1,12.833
VOSS,Sarah,w,GER,SUN 25 JUL 2021,Olympic Games,AAqual,"Tokyo, Japan",BB,59,5.1,7.166,,12.266
VOSS,Sarah,w,GER,25 July 2021,Olympic Games,qual,"Tokyo, Japan",BB,59,5.1,7.166,,12.266
VOSS,Sarah,w,GER,25 July 2021,Olympic Games,TeamQual,"Tokyo, Japan",BB,,5.1,7.166,,12.266
VOSS,Sarah,w,GER,SUN 25 JUL 2021,Olympic Games,AAqual,"Tokyo, Japan",FX,50,4.7,7.9,,12.6
VOSS,Sarah,w,GER,25 July 2021,Olympic Games,qual,"Tokyo, Japan",FX,50,4.7,7.9,0.1,12.6
VOSS,Sarah,w,GER,25 July 2021,Olympic Games,TeamQual,"Tokyo, Japan",FX,,4.7,7.9,,12.6
VOSS,Sarah,w,GER,25 July 2021,Olympic Games,TeamQual,"Tokyo, Japan",UB,,5.5,8.366,,13.866
VOSS,Sarah,w,GER,SUN 25 JUL 2021,Olympic Games,AAqual,"Tokyo, Japan",UE,27,5.5,8.366,,13.866
VOSS,Sarah,w,GER,25 July 2021,Olympic Games,qual,"Tokyo, Japan",UE,27,5.5,8.366,,13.866
VOSS,Sarah,w,GER,SUN 25 JUL 2021,Olympic Games,AAqual,"Tokyo, Japan",VT,53,5.4,8.4,0.3,13.5
VOSS,Sarah,w,GER,25 July 2021,Olympic Games,TeamQual,"Tokyo, Japan",VT,,5.4,8.4,0.3,13.5
WEVERS,Lieke,w,NED,THU 29 JUL 2021,Olympic Games,AAfinal,"Tokyo, Japan",BB,17,5.1,7.3,,12.4
WEVERS,Lieke,w,NED,SUN 25 JUL 2021,Olympic Games,AAqual,"Tokyo, Japan",BB,23,5.4,7.966,,13.366
WEVERS,Lieke,w,NED,25 July 2021,Olympic Games,qual,"Tokyo, Japan",BB,23,5.4,7.966,,13.366
WEVERS,Lieke,w,NED,25 July 2021,Olympic Games,TeamQual,"Tokyo, Japan",BB,,5.4,7.966,,13.366
WEVERS,Lieke,w,NED,THU 29 JUL 2021,Olympic Games,AAfinal,"Tokyo, Japan",FX,24,5.2,6.866,,12.066
WEVERS,Lieke,w,NED,SUN 25 JUL 2021,Olympic Games,AAqual,"Tokyo, Japan",FX,35,4.7,8.166,,12.866
WEVERS,Lieke,w,NED,25 July 2021,Olympic Games,qual,"Tokyo, Japan",FX,35,4.7,8.166,,12.866
WEVERS,Lieke,w,NED,25 July 2021,Olympic Games,TeamQual,"Tokyo, Japan",FX,,4.7,8.166,,12.866
WEVERS,Lieke,w,NED,25 July 2021,Olympic Games,TeamQual,"Tokyo, Japan",UB,,5.4,8.133,,13.533
WEVERS,Lieke,w,NED,THU 29 JUL 2021,Olympic Games,AAfinal,"Tokyo, Japan",UE,16,5.1,8.266,,13.366
WEVERS,Lieke,w,NED,SUN 25 JUL 2021,Olympic Games,AAqual,"Tokyo, Japan",UE,34,5.4,8.133,,13.533
WEVERS,Lieke,w,NED,25 July 2021,Olympic Games,qual,"Tokyo, Japan",UE,34,5.4,8.133,,13.533
WEVERS,Lieke,w,NED,THU 29 JUL 2021,Olympic Games,AAfinal,"Tokyo, Japan",VT,24,4.6,8.966,0.3,13.266
WEVERS,Lieke,w,NED,SUN 25 JUL 2021,Olympic Games,AAqual,"Tokyo, Japan",VT,49,4.6,9,,13.6
WEVERS,Lieke,w,NED,25 July 2021,Olympic Games,TeamQual,"Tokyo, Japan",VT,,4.6,9,,13.6
WEVERS,Sanne,w,NED,25 July 2021,Olympic Games,qual,"Tokyo, Japan",BB,14,5.8,8.066,,13.866
WEVERS,Sanne,w,NED,25 July 2021,Olympic Games,TeamQual,"Tokyo, Japan",BB,,5.8,8.066,,13.866
WEVERS,Sanne,w,NED,25 July 2021,Olympic Games,TeamQual,"Tokyo, Japan",UB,,5.1,6.633,,11.733
WEVERS,Sanne,w,NED,25 July 2021,Olympic Games,qual,"Tokyo, Japan",UE,69,5.1,6.633,,11.733
WHITEHEAD,Emily,w,AUS,SUN 25 JUL 2021,Olympic Games,AAqual,"Tokyo, Japan",BB,45,5,7.666,,12.666
WHITEHEAD,Emily,w,AUS,25 July 2021,Olympic Games,qual,"Tokyo, Japan",BB,45,5,7.666,,12.666
WHITEHEAD,Emily,w,AUS,SUN 25 JUL 2021,Olympic Games,AAqual,"Tokyo, Japan",FX,52,4.8,7.766,,12.566
WHITEHEAD,Emily,w,AUS,25 July 2021,Olympic Games,qual,"Tokyo, Japan",FX,52,4.8,7.766,,12.566
WHITEHEAD,Emily,w,AUS,SUN 25 JUL 2021,Olympic Games,AAqual,"Tokyo, Japan",UE,43,5,8.066,,13.066
WHITEHEAD,Emily,w,AUS,25 July 2021,Olympic Games,qual,"Tokyo, Japan",UE,43,5,8.066,,13.066
WHITEHEAD,Emily,w,AUS,SUN 25 JUL 2021,Olympic Games,AAqual,"Tokyo, Japan",VT,40,5,9,,14
YEO,Seojeong,w,KOR,SUN 25 JUL 2021,Olympic Games,AAqual,"Tokyo, Japan",BB,87,5.4,5.183,,10.583
YEO,Seojeong,w,KOR,25 July 2021,Olympic Games,qual,"Tokyo, Japan",BB,87,5.4,5.183,,10.5
YEO,Seojeong,w,KOR,SUN 25 JUL 2021,Olympic Games,AAqual,"Tokyo, Japan",FX,54,5.3,7.266,,12.566
YEO,Seojeong,w,KOR,25 July 2021,Olympic Games,qual,"Tokyo, Japan",FX,54,5.3,7.266,,12.566
YEO,Seojeong,w,KOR,SUN 25 JUL 2021,Olympic Games,AAqual,"Tokyo, Japan",UE,61,5,7.5,,12.5
YEO,Seojeong,w,KOR,25 July 2021,Olympic Games,qual,"Tokyo, Japan",UE,61,5,7.5,,12.5
YEO,Seojeong,w,KOR,SUN 25 JUL 2021,Olympic Games,AAqual,"Tokyo, Japan",VT,3,5.8,9.2,,15
YEO,Seojeong,w,KOR,25 July 2021,Olympic Games,qual,"Tokyo, Japan",VT1,5,5.8,9.2,,15
YEO,Seojeong,w,KOR,1 Aug 2021,Olympic Games,final,"Tokyo, Japan",VT1,3,6.2,9.133,,15.333
YEO,Seojeong,w,KOR,25 July 2021,Olympic Games,qual,"Tokyo, Japan",VT2,5,5.4,9.2,,14.6
YEO,Seojeong,w,KOR,1 Aug 2021,Olympic Games,final,"Tokyo, Japan",VT2,3,5.4,8.733,,14.133
ZHANG,Jin,w,CHN,SUN 25 JUL 2021,Olympic Games,AAqual,"Tokyo, Japan",BB,10,6,7.966,,13.966
ZHANG,Jin,w,CHN,25 July 2021,Olympic Games,qual,"Tokyo, Japan",BB,10,6,7.966,,13.966
ZHANG,Jin,w,CHN,25 July 2021,Olympic Games,TeamQual,"Tokyo, Japan",BB,,6,7.966,,13.966
ZHANG,Jin,w,CHN,1 Aug 2021,Olympic Games,TeamFinal,"Tokyo, Japan",BB,,6.1,7.8,,13.9
ZHANG,Jin,w,CHN,SUN 25 JUL 2021,Olympic Games,AAqual,"Tokyo, Japan",FX,17,5.3,8.133,,13.433
ZHANG,Jin,w,CHN,25 July 2021,Olympic Games,qual,"Tokyo, Japan",FX,17,5.3,8.133,0.1,13.433
ZHANG,Jin,w,CHN,25 July 2021,Olympic Games,TeamQual,"Tokyo, Japan",FX,,5.3,8.133,,13.433
ZHANG,Jin,w,CHN,1 Aug 2021,Olympic Games,TeamFinal,"Tokyo, Japan",FX,,5.3,7.833,,13.133
ZHANG,Jin,w,CHN,25 July 2021,Olympic Games,TeamQual,"Tokyo, Japan",UB,,5,8.1,,13.1
ZHANG,Jin,w,CHN,SUN 25 JUL 2021,Olympic Games,AAqual,"Tokyo, Japan",UE,42,5,8.1,,13.1
ZHANG,Jin,w,CHN,25 July 2021,Olympic Games,qual,"Tokyo, Japan",UE,42,5,8.1,,13.1
ZHANG,Jin,w,CHN,SUN 25 JUL 2021,Olympic Games,AAqual,"Tokyo, Japan",VT,23,5.6,8.833,,14.433
ZHANG,Jin,w,CHN,25 July 2021,Olympic Games,TeamQual,"Tokyo, Japan",VT,,5.6,8.833,,14.433
ZHANG,Jin,w,CHN,1 Aug 2021,Olympic Games,TeamFinal,"Tokyo, Japan",VT,,5.6,8.566,0.1,14.066
de,JESUS,w,FRA,THU 29 JUL 2021,Olympic Games,AAfinal,"Tokyo, Japan",BB,18,5.2,6.966,,12.166
de,JESUS,w,FRA,SUN 25 JUL 2021,Olympic Games,AAqual,"Tokyo, Japan",BB,26,5.3,7.933,,13.233
de,JESUS,w,FRA,THU 29 JUL 2021,Olympic Games,AAfinal,"Tokyo, Japan",FX,12,5.6,7.733,,13.333
de,JESUS,w,FRA,SUN 25 JUL 2021,Olympic Games,AAqual,"Tokyo, Japan",FX,25,5.4,8.066,0.3,13.166
de,JESUS,w,FRA,THU 29 JUL 2021,Olympic Games,AAfinal,"Tokyo, Japan",UE,10,6.3,7.533,,13.833
de,JESUS,w,FRA,SUN 25 JUL 2021,Olympic Games,AAqual,"Tokyo, Japan",UE,11,6.4,8.166,,14.566
de,JESUS,w,FRA,THU 29 JUL 2021,Olympic Games,AAfinal,"Tokyo, Japan",VT,13,5.4,8.966,,14.366
de,JESUS,w,FRA,SUN 25 JUL 2021,Olympic Games,AAqual,"Tokyo, Japan",VT,19,5.4,9.166,0.1,14.466
van,POL,w,NED,SUN 25 JUL 2021,Olympic Games,AAqual,"Tokyo, Japan",BB,75,4.7,6.9,,11.6
van,POL,w,NED,SUN 25 JUL 2021,Olympic Games,AAqual,"Tokyo, Japan",FX,33,4.9,8,,12.9
van,POL,w,NED,SUN 25 JUL 2021,Olympic Games,AAqual,"Tokyo, Japan",UE,41,5.3,7.833,,13.133
van,POL,w,NED,SUN 25 JUL 2021,Olympic Games,AAqual,"Tokyo, Japan",VT,38,5,9.1,,14.1
